{"type":"FeatureCollection","features":[{"type":"Feature","geometry":{"type":"Polygon","coordinates":[[[-28.75043,38.44184],[-28.64678,38.48671],[-28.69786,38.56421],[-28.80157,38.51928],[-28.75043,38.44184]]]},"properties":{"etrs":"E108N256"}},{"type":"Feature","geometry":{"type":"Polygon","coordinates":[[[-28.80157,38.51928],[-28.69786,38.56421],[-28.74909,38.64167],[-28.85288,38.59667],[-28.80157,38.51928]]]},"properties":{"etrs":"E108N257"}},{"type":"Feature","geometry":{"type":"Polygon","coordinates":[[[-28.54514,38.33155],[-28.44153,38.37618],[-28.49219,38.45385],[-28.59588,38.40915],[-28.54514,38.33155]]]},"properties":{"etrs":"E109N254"}},{"type":"Feature","geometry":{"type":"Polygon","coordinates":[[[-28.59588,38.40915],[-28.49219,38.45385],[-28.54303,38.53147],[-28.64678,38.48671],[-28.59588,38.40915]]]},"properties":{"etrs":"E109N255"}},{"type":"Feature","geometry":{"type":"Polygon","coordinates":[[[-28.64678,38.48671],[-28.54303,38.53147],[-28.59403,38.60904],[-28.69786,38.56421],[-28.64678,38.48671]]]},"properties":{"etrs":"E109N256"}},{"type":"Feature","geometry":{"type":"Polygon","coordinates":[[[-28.69786,38.56421],[-28.59403,38.60904],[-28.64519,38.68655],[-28.74909,38.64167],[-28.69786,38.56421]]]},"properties":{"etrs":"E109N257"}},{"type":"Feature","geometry":{"type":"Polygon","coordinates":[[[-28.39103,38.29846],[-28.28738,38.34293],[-28.3378,38.42071],[-28.44153,38.37618],[-28.39103,38.29846]]]},"properties":{"etrs":"E110N253"}},{"type":"Feature","geometry":{"type":"Polygon","coordinates":[[[-28.44153,38.37618],[-28.3378,38.42071],[-28.3884,38.49844],[-28.49219,38.45385],[-28.44153,38.37618]]]},"properties":{"etrs":"E110N254"}},{"type":"Feature","geometry":{"type":"Polygon","coordinates":[[[-28.49219,38.45385],[-28.3884,38.49844],[-28.43916,38.57612],[-28.54303,38.53147],[-28.49219,38.45385]]]},"properties":{"etrs":"E110N255"}},{"type":"Feature","geometry":{"type":"Polygon","coordinates":[[[-28.54303,38.53147],[-28.43916,38.57612],[-28.49008,38.65375],[-28.59403,38.60904],[-28.54303,38.53147]]]},"properties":{"etrs":"E110N256"}},{"type":"Feature","geometry":{"type":"Polygon","coordinates":[[[-28.28738,38.34293],[-28.18361,38.38728],[-28.23397,38.46512],[-28.3378,38.42071],[-28.28738,38.34293]]]},"properties":{"etrs":"E111N253"}},{"type":"Feature","geometry":{"type":"Polygon","coordinates":[[[-28.3378,38.42071],[-28.23397,38.46512],[-28.28449,38.54291],[-28.3884,38.49844],[-28.3378,38.42071]]]},"properties":{"etrs":"E111N254"}},{"type":"Feature","geometry":{"type":"Polygon","coordinates":[[[-28.3884,38.49844],[-28.28449,38.54291],[-28.33517,38.62066],[-28.43916,38.57612],[-28.3884,38.49844]]]},"properties":{"etrs":"E111N255"}},{"type":"Feature","geometry":{"type":"Polygon","coordinates":[[[-28.13342,38.30939],[-28.02962,38.35357],[-28.07974,38.43152],[-28.18361,38.38728],[-28.13342,38.30939]]]},"properties":{"etrs":"E112N252"}},{"type":"Feature","geometry":{"type":"Polygon","coordinates":[[[-28.18361,38.38728],[-28.07974,38.43152],[-28.13002,38.50943],[-28.23397,38.46512],[-28.18361,38.38728]]]},"properties":{"etrs":"E112N253"}},{"type":"Feature","geometry":{"type":"Polygon","coordinates":[[[-28.23397,38.46512],[-28.13002,38.50943],[-28.18046,38.58728],[-28.28449,38.54291],[-28.23397,38.46512]]]},"properties":{"etrs":"E112N254"}},{"type":"Feature","geometry":{"type":"Polygon","coordinates":[[[-28.33517,38.62066],[-28.23108,38.66508],[-28.28186,38.74284],[-28.38603,38.69835],[-28.33517,38.62066]]]},"properties":{"etrs":"E112N256"}},{"type":"Feature","geometry":{"type":"Polygon","coordinates":[[[-28.38603,38.69835],[-28.28186,38.74284],[-28.3328,38.82054],[-28.43705,38.77599],[-28.38603,38.69835]]]},"properties":{"etrs":"E112N257"}},{"type":"Feature","geometry":{"type":"Polygon","coordinates":[[[-28.02962,38.35357],[-27.92571,38.39764],[-27.97575,38.47565],[-28.07974,38.43152],[-28.02962,38.35357]]]},"properties":{"etrs":"E113N252"}},{"type":"Feature","geometry":{"type":"Polygon","coordinates":[[[-28.07974,38.43152],[-27.97575,38.47565],[-28.02595,38.55362],[-28.13002,38.50943],[-28.07974,38.43152]]]},"properties":{"etrs":"E113N253"}},{"type":"Feature","geometry":{"type":"Polygon","coordinates":[[[-28.18046,38.58728],[-28.07633,38.63153],[-28.12686,38.7094],[-28.23108,38.66508],[-28.18046,38.58728]]]},"properties":{"etrs":"E113N255"}},{"type":"Feature","geometry":{"type":"Polygon","coordinates":[[[-28.23108,38.66508],[-28.12686,38.7094],[-28.17757,38.78721],[-28.28186,38.74284],[-28.23108,38.66508]]]},"properties":{"etrs":"E113N256"}},{"type":"Feature","geometry":{"type":"Polygon","coordinates":[[[-28.28186,38.74284],[-28.17757,38.78721],[-28.22844,38.86498],[-28.3328,38.82054],[-28.28186,38.74284]]]},"properties":{"etrs":"E113N257"}},{"type":"Feature","geometry":{"type":"Polygon","coordinates":[[[-28.28186,38.74284],[-28.17757,38.78721],[-28.22844,38.86498],[-28.3328,38.82054],[-28.28186,38.74284]]]},"properties":{"etrs":"E114N253"}},{"type":"Feature","geometry":{"type":"Polygon","coordinates":[[[-28.02595,38.55362],[-27.92178,38.5977],[-27.97208,38.67567],[-28.07633,38.63153],[-28.02595,38.55362]]]},"properties":{"etrs":"E114N254"}},{"type":"Feature","geometry":{"type":"Polygon","coordinates":[[[-28.07633,38.63153],[-27.97208,38.67567],[-28.02254,38.7536],[-28.12686,38.7094],[-28.07633,38.63153]]]},"properties":{"etrs":"E114N255"}},{"type":"Feature","geometry":{"type":"Polygon","coordinates":[[[-27.82168,38.44159],[-27.71755,38.48544],[-27.76744,38.56357],[-27.87165,38.51967],[-27.82168,38.44159]]]},"properties":{"etrs":"E115N252"}},{"type":"Feature","geometry":{"type":"Polygon","coordinates":[[[-27.87165,38.51967],[-27.76744,38.56357],[-27.81749,38.64166],[-27.92178,38.5977],[-27.87165,38.51967]]]},"properties":{"etrs":"E115N253"}},{"type":"Feature","geometry":{"type":"Polygon","coordinates":[[[-27.92178,38.5977],[-27.81749,38.64166],[-27.86772,38.7197],[-27.97208,38.67567],[-27.92178,38.5977]]]},"properties":{"etrs":"E115N254"}},{"type":"Feature","geometry":{"type":"Polygon","coordinates":[[[-27.71755,38.48544],[-27.6133,38.52917],[-27.66311,38.60737],[-27.76744,38.56357],[-27.71755,38.48544]]]},"properties":{"etrs":"E116N252"}},{"type":"Feature","geometry":{"type":"Polygon","coordinates":[[[-28.01938,38.95352],[-27.91468,38.99762],[-27.9655,39.07552],[-28.07028,39.03136],[-28.01938,38.95352]]]},"properties":{"etrs":"E116N258"}},{"type":"Feature","geometry":{"type":"Polygon","coordinates":[[[-28.07028,39.03136],[-27.9655,39.07552],[-28.01648,39.15338],[-28.12134,39.10915],[-28.07028,39.03136]]]},"properties":{"etrs":"E116N259"}},{"type":"Feature","geometry":{"type":"Polygon","coordinates":[[[-27.40447,38.6163],[-27.29989,38.65969],[-27.34947,38.73807],[-27.45413,38.69462],[-27.40447,38.6163]]]},"properties":{"etrs":"E119N252"}},{"type":"Feature","geometry":{"type":"Polygon","coordinates":[[[-27.45413,38.69462],[-27.34947,38.73807],[-27.39922,38.81641],[-27.50396,38.77289],[-27.45413,38.69462]]]},"properties":{"etrs":"E119N253"}},{"type":"Feature","geometry":{"type":"Polygon","coordinates":[[[-27.25047,38.58126],[-27.14585,38.62448],[-27.19519,38.70297],[-27.29989,38.65969],[-27.25047,38.58126]]]},"properties":{"etrs":"E120N251"}},{"type":"Feature","geometry":{"type":"Polygon","coordinates":[[[-27.29989,38.65969],[-27.19519,38.70297],[-27.2447,38.78142],[-27.34947,38.73807],[-27.29989,38.65969]]]},"properties":{"etrs":"E120N252"}},{"type":"Feature","geometry":{"type":"Polygon","coordinates":[[[-27.34947,38.73807],[-27.2447,38.78142],[-27.29437,38.85981],[-27.39922,38.81641],[-27.34947,38.73807]]]},"properties":{"etrs":"E120N253"}},{"type":"Feature","geometry":{"type":"Polygon","coordinates":[[[-27.09667,38.54595],[-26.99202,38.58899],[-27.04112,38.66759],[-27.14585,38.62448],[-27.09667,38.54595]]]},"properties":{"etrs":"E121N250"}},{"type":"Feature","geometry":{"type":"Polygon","coordinates":[[[-27.14585,38.62448],[-27.04112,38.66759],[-27.09039,38.74614],[-27.19519,38.70297],[-27.14585,38.62448]]]},"properties":{"etrs":"E121N251"}},{"type":"Feature","geometry":{"type":"Polygon","coordinates":[[[-27.19519,38.70297],[-27.09039,38.74614],[-27.13982,38.82465],[-27.2447,38.78142],[-27.19519,38.70297]]]},"properties":{"etrs":"E121N252"}},{"type":"Feature","geometry":{"type":"Polygon","coordinates":[[[-27.2447,38.78142],[-27.13982,38.82465],[-27.18941,38.9031],[-27.29437,38.85981],[-27.2447,38.78142]]]},"properties":{"etrs":"E121N253"}},{"type":"Feature","geometry":{"type":"Polygon","coordinates":[[[-27.04112,38.66759],[-26.93629,38.71059],[-26.98547,38.7892],[-27.09039,38.74614],[-27.04112,38.66759]]]},"properties":{"etrs":"E122N251"}},{"type":"Feature","geometry":{"type":"Polygon","coordinates":[[[-27.09039,38.74614],[-26.98547,38.7892],[-27.03482,38.86776],[-27.13982,38.82465],[-27.09039,38.74614]]]},"properties":{"etrs":"E122N252"}},{"type":"Feature","geometry":{"type":"Polygon","coordinates":[[[-25.80209,37.69306],[-25.69791,37.73461],[-25.74431,37.81421],[-25.84857,37.77261],[-25.80209,37.69306]]]},"properties":{"etrs":"E127N236"}},{"type":"Feature","geometry":{"type":"Polygon","coordinates":[[[-25.84857,37.77261],[-25.74431,37.81421],[-25.79087,37.89377],[-25.8952,37.85211],[-25.84857,37.77261]]]},"properties":{"etrs":"E127N237"}},{"type":"Feature","geometry":{"type":"Polygon","coordinates":[[[-25.8952,37.85211],[-25.79087,37.89377],[-25.83758,37.97328],[-25.942,37.93156],[-25.8952,37.85211]]]},"properties":{"etrs":"E127N238"}},{"type":"Feature","geometry":{"type":"Polygon","coordinates":[[[-25.19752,36.85605],[-25.09413,36.89686],[-25.13879,36.977],[-25.24226,36.93614],[-25.19752,36.85605]]]},"properties":{"etrs":"E128N225"}},{"type":"Feature","geometry":{"type":"Polygon","coordinates":[[[-25.24226,36.93614],[-25.13879,36.977],[-25.1836,37.0571],[-25.28715,37.01618],[-25.24226,36.93614]]]},"properties":{"etrs":"E128N226"}},{"type":"Feature","geometry":{"type":"Polygon","coordinates":[[[-25.65166,37.65496],[-25.54746,37.69633],[-25.59363,37.77604],[-25.69791,37.73461],[-25.65166,37.65496]]]},"properties":{"etrs":"E128N235"}},{"type":"Feature","geometry":{"type":"Polygon","coordinates":[[[-25.69791,37.73461],[-25.59363,37.77604],[-25.63995,37.8557],[-25.74431,37.81421],[-25.69791,37.73461]]]},"properties":{"etrs":"E128N236"}},{"type":"Feature","geometry":{"type":"Polygon","coordinates":[[[-25.74431,37.81421],[-25.63995,37.8557],[-25.68642,37.93531],[-25.79087,37.89377],[-25.74431,37.81421]]]},"properties":{"etrs":"E128N237"}},{"type":"Feature","geometry":{"type":"Polygon","coordinates":[[[-25.79087,37.89377],[-25.68642,37.93531],[-25.73305,38.01488],[-25.83758,37.97328],[-25.79087,37.89377]]]},"properties":{"etrs":"E128N238"}},{"type":"Feature","geometry":{"type":"Polygon","coordinates":[[[-25.09413,36.89686],[-24.99064,36.93755],[-25.03522,37.01775],[-25.13879,36.977],[-25.09413,36.89686]]]},"properties":{"etrs":"E129N225"}},{"type":"Feature","geometry":{"type":"Polygon","coordinates":[[[-25.13879,36.977],[-25.03522,37.01775],[-25.07994,37.09791],[-25.1836,37.0571],[-25.13879,36.977]]]},"properties":{"etrs":"E129N226"}},{"type":"Feature","geometry":{"type":"Polygon","coordinates":[[[-25.50145,37.61658],[-25.39723,37.65779],[-25.44316,37.73759],[-25.54746,37.69633],[-25.50145,37.61658]]]},"properties":{"etrs":"E129N234"}},{"type":"Feature","geometry":{"type":"Polygon","coordinates":[[[-25.54746,37.69633],[-25.44316,37.73759],[-25.48924,37.81736],[-25.59363,37.77604],[-25.54746,37.69633]]]},"properties":{"etrs":"E129N235"}},{"type":"Feature","geometry":{"type":"Polygon","coordinates":[[[-25.59363,37.77604],[-25.48924,37.81736],[-25.53548,37.89707],[-25.63995,37.8557],[-25.59363,37.77604]]]},"properties":{"etrs":"E129N236"}},{"type":"Feature","geometry":{"type":"Polygon","coordinates":[[[-25.39723,37.65779],[-25.2929,37.69888],[-25.33875,37.77874],[-25.44316,37.73759],[-25.39723,37.65779]]]},"properties":{"etrs":"E130N234"}},{"type":"Feature","geometry":{"type":"Polygon","coordinates":[[[-25.44316,37.73759],[-25.33875,37.77874],[-25.38475,37.85856],[-25.48924,37.81736],[-25.44316,37.73759]]]},"properties":{"etrs":"E130N235"}},{"type":"Feature","geometry":{"type":"Polygon","coordinates":[[[-25.48924,37.81736],[-25.38475,37.85856],[-25.43091,37.93833],[-25.53548,37.89707],[-25.48924,37.81736]]]},"properties":{"etrs":"E130N236"}},{"type":"Feature","geometry":{"type":"Polygon","coordinates":[[[-25.2929,37.69888],[-25.18848,37.73985],[-25.23424,37.81977],[-25.33875,37.77874],[-25.2929,37.69888]]]},"properties":{"etrs":"E131N234"}},{"type":"Feature","geometry":{"type":"Polygon","coordinates":[[[-25.33875,37.77874],[-25.23424,37.81977],[-25.28016,37.89965],[-25.38475,37.85856],[-25.33875,37.77874]]]},"properties":{"etrs":"E131N235"}},{"type":"Feature","geometry":{"type":"Polygon","coordinates":[[[-25.14286,37.65989],[-25.03841,37.70069],[-25.08395,37.78071],[-25.18848,37.73985],[-25.14286,37.65989]]]},"properties":{"etrs":"E132N233"}},{"type":"Feature","geometry":{"type":"Polygon","coordinates":[[[-25.18848,37.73985],[-25.08395,37.78071],[-25.12963,37.86069],[-25.23424,37.81977],[-25.18848,37.73985]]]},"properties":{"etrs":"E132N234"}},{"type":"Feature","geometry":{"type":"Polygon","coordinates":[[[-25.23424,37.81977],[-25.12963,37.86069],[-25.17547,37.94062],[-25.28016,37.89965],[-25.23424,37.81977]]]},"properties":{"etrs":"E132N235"}},{"type":"Feature","geometry":{"type":"Polygon","coordinates":[[[-17.21972,32.65383],[-17.11846,32.68536],[-17.1496,32.77061],[-17.25095,32.73904],[-17.21972,32.65383]]]},"properties":{"etrs":"E179N152"}},{"type":"Feature","geometry":{"type":"Polygon","coordinates":[[[-17.25095,32.73904],[-17.1496,32.77061],[-17.18083,32.85583],[-17.28227,32.82422],[-17.25095,32.73904]]]},"properties":{"etrs":"E179N153"}},{"type":"Feature","geometry":{"type":"Polygon","coordinates":[[[-17.28227,32.82422],[-17.18083,32.85583],[-17.21217,32.94101],[-17.3137,32.90937],[-17.28227,32.82422]]]},"properties":{"etrs":"E179N154"}},{"type":"Feature","geometry":{"type":"Polygon","coordinates":[[[-17.08743,32.60008],[-16.9862,32.63145],[-17.01714,32.71677],[-17.11846,32.68536],[-17.08743,32.60008]]]},"properties":{"etrs":"E180N151"}},{"type":"Feature","geometry":{"type":"Polygon","coordinates":[[[-17.11846,32.68536],[-17.01714,32.71677],[-17.04818,32.80206],[-17.1496,32.77061],[-17.11846,32.68536]]]},"properties":{"etrs":"E180N152"}},{"type":"Feature","geometry":{"type":"Polygon","coordinates":[[[-17.1496,32.77061],[-17.04818,32.80206],[-17.07933,32.88732],[-17.18083,32.85583],[-17.1496,32.77061]]]},"properties":{"etrs":"E180N153"}},{"type":"Feature","geometry":{"type":"Polygon","coordinates":[[[-17.18083,32.85583],[-17.07933,32.88732],[-17.11058,32.97255],[-17.21217,32.94101],[-17.18083,32.85583]]]},"properties":{"etrs":"E180N154"}},{"type":"Feature","geometry":{"type":"Polygon","coordinates":[[[-16.07594,29.97137],[-15.97733,30.00145],[-16.00519,30.08775],[-16.10389,30.05763],[-16.07594,29.97137]]]},"properties":{"etrs":"E181N120"}},{"type":"Feature","geometry":{"type":"Polygon","coordinates":[[[-16.95536,32.5461],[-16.85415,32.57732],[-16.8849,32.66271],[-16.9862,32.63145],[-16.95536,32.5461]]]},"properties":{"etrs":"E181N150"}},{"type":"Feature","geometry":{"type":"Polygon","coordinates":[[[-16.9862,32.63145],[-16.8849,32.66271],[-16.91575,32.74807],[-17.01714,32.71677],[-16.9862,32.63145]]]},"properties":{"etrs":"E181N151"}},{"type":"Feature","geometry":{"type":"Polygon","coordinates":[[[-17.01714,32.71677],[-16.91575,32.74807],[-16.9467,32.8334],[-17.04818,32.80206],[-17.01714,32.71677]]]},"properties":{"etrs":"E181N152"}},{"type":"Feature","geometry":{"type":"Polygon","coordinates":[[[-17.04818,32.80206],[-16.9467,32.8334],[-16.97775,32.9187],[-17.07933,32.88732],[-17.04818,32.80206]]]},"properties":{"etrs":"E181N153"}},{"type":"Feature","geometry":{"type":"Polygon","coordinates":[[[-16.85415,32.57732],[-16.75287,32.60842],[-16.78353,32.69385],[-16.8849,32.66271],[-16.85415,32.57732]]]},"properties":{"etrs":"E182N150"}},{"type":"Feature","geometry":{"type":"Polygon","coordinates":[[[-16.8849,32.66271],[-16.78353,32.69385],[-16.81429,32.77925],[-16.91575,32.74807],[-16.8849,32.66271]]]},"properties":{"etrs":"E182N151"}},{"type":"Feature","geometry":{"type":"Polygon","coordinates":[[[-16.91575,32.74807],[-16.81429,32.77925],[-16.84515,32.86462],[-16.9467,32.8334],[-16.91575,32.74807]]]},"properties":{"etrs":"E182N152"}},{"type":"Feature","geometry":{"type":"Polygon","coordinates":[[[-15.90643,30.11775],[-15.80762,30.14765],[-15.8354,30.23399],[-15.93429,30.20406],[-15.90643,30.11775]]]},"properties":{"etrs":"E183N121"}},{"type":"Feature","geometry":{"type":"Polygon","coordinates":[[[-16.75287,32.60842],[-16.65153,32.63941],[-16.6821,32.72488],[-16.78353,32.69385],[-16.75287,32.60842]]]},"properties":{"etrs":"E183N150"}},{"type":"Feature","geometry":{"type":"Polygon","coordinates":[[[-16.78353,32.69385],[-16.6821,32.72488],[-16.71277,32.81032],[-16.81429,32.77925],[-16.78353,32.69385]]]},"properties":{"etrs":"E183N151"}},{"type":"Feature","geometry":{"type":"Polygon","coordinates":[[[-16.56043,32.38282],[-16.4593,32.41358],[-16.48947,32.49918],[-16.5907,32.46838],[-16.56043,32.38282]]]},"properties":{"etrs":"E184N147"}},{"type":"Feature","geometry":{"type":"Polygon","coordinates":[[[-16.5907,32.46838],[-16.48947,32.49918],[-16.51975,32.58475],[-16.62106,32.55391],[-16.5907,32.46838]]]},"properties":{"etrs":"E184N148"}},{"type":"Feature","geometry":{"type":"Polygon","coordinates":[[[-16.62106,32.55391],[-16.51975,32.58475],[-16.55012,32.67029],[-16.65153,32.63941],[-16.62106,32.55391]]]},"properties":{"etrs":"E184N149"}},{"type":"Feature","geometry":{"type":"Polygon","coordinates":[[[-16.65153,32.63941],[-16.55012,32.67029],[-16.5806,32.7558],[-16.6821,32.72488],[-16.65153,32.63941]]]},"properties":{"etrs":"E184N150"}},{"type":"Feature","geometry":{"type":"Polygon","coordinates":[[[-16.6821,32.72488],[-16.5806,32.7558],[-16.61118,32.84128],[-16.71277,32.81032],[-16.6821,32.72488]]]},"properties":{"etrs":"E184N151"}},{"type":"Feature","geometry":{"type":"Polygon","coordinates":[[[-16.40781,32.90285],[-16.30602,32.93347],[-16.33643,33.01904],[-16.4383,32.98838],[-16.40781,32.90285]]]},"properties":{"etrs":"E187N152"}},{"type":"Feature","geometry":{"type":"Polygon","coordinates":[[[-16.4383,32.98838],[-16.33643,33.01904],[-16.36694,33.10458],[-16.4689,33.07388],[-16.4383,32.98838]]]},"properties":{"etrs":"E187N153"}},{"type":"Feature","geometry":{"type":"Polygon","coordinates":[[[-16.33643,33.01904],[-16.23449,33.04958],[-16.2649,33.13515],[-16.36694,33.10458],[-16.33643,33.01904]]]},"properties":{"etrs":"E188N153"}},{"type":"Feature","geometry":{"type":"Polygon","coordinates":[[[-9.03722,36.91886],[-8.92817,36.94118],[-8.95254,37.02894],[-9.06171,37.00658],[-9.03722,36.91886]]]},"properties":{"etrs":"E263N175"}},{"type":"Feature","geometry":{"type":"Polygon","coordinates":[[[-9.06171,37.00658],[-8.95254,37.02894],[-8.977,37.11668],[-9.0863,37.09429],[-9.06171,37.00658]]]},"properties":{"etrs":"E263N176"}},{"type":"Feature","geometry":{"type":"Polygon","coordinates":[[[-9.51817,38.58215],[-9.40668,38.60511],[-9.4328,38.69248],[-9.54442,38.66948],[-9.51817,38.58215]]]},"properties":{"etrs":"E263N194"}},{"type":"Feature","geometry":{"type":"Polygon","coordinates":[[[-9.54442,38.66948],[-9.4328,38.69248],[-9.45901,38.77984],[-9.57076,38.7568],[-9.54442,38.66948]]]},"properties":{"etrs":"E263N195"}},{"type":"Feature","geometry":{"type":"Polygon","coordinates":[[[-9.57076,38.7568],[-9.45901,38.77984],[-9.48532,38.86716],[-9.59721,38.84409],[-9.57076,38.7568]]]},"properties":{"etrs":"E263N196"}},{"type":"Feature","geometry":{"type":"Polygon","coordinates":[[[-8.92817,36.94118],[-8.81906,36.96338],[-8.8433,37.05117],[-8.95254,37.02894],[-8.92817,36.94118]]]},"properties":{"etrs":"E264N175"}},{"type":"Feature","geometry":{"type":"Polygon","coordinates":[[[-8.95254,37.02894],[-8.8433,37.05117],[-8.86764,37.13894],[-8.977,37.11668],[-8.95254,37.02894]]]},"properties":{"etrs":"E264N176"}},{"type":"Feature","geometry":{"type":"Polygon","coordinates":[[[-8.977,37.11668],[-8.86764,37.13894],[-8.89206,37.22669],[-9.00154,37.2044],[-8.977,37.11668]]]},"properties":{"etrs":"E264N177"}},{"type":"Feature","geometry":{"type":"Polygon","coordinates":[[[-9.40668,38.60511],[-9.29513,38.62795],[-9.32111,38.71536],[-9.4328,38.69248],[-9.40668,38.60511]]]},"properties":{"etrs":"E264N194"}},{"type":"Feature","geometry":{"type":"Polygon","coordinates":[[[-9.4328,38.69248],[-9.32111,38.71536],[-9.34719,38.80274],[-9.45901,38.77984],[-9.4328,38.69248]]]},"properties":{"etrs":"E264N195"}},{"type":"Feature","geometry":{"type":"Polygon","coordinates":[[[-9.45901,38.77984],[-9.34719,38.80274],[-9.37337,38.89011],[-9.48532,38.86716],[-9.45901,38.77984]]]},"properties":{"etrs":"E264N196"}},{"type":"Feature","geometry":{"type":"Polygon","coordinates":[[[-9.48532,38.86716],[-9.37337,38.89011],[-9.39964,38.97745],[-9.51173,38.95447],[-9.48532,38.86716]]]},"properties":{"etrs":"E264N197"}},{"type":"Feature","geometry":{"type":"Polygon","coordinates":[[[-9.51173,38.95447],[-9.39964,38.97745],[-9.42601,39.06478],[-9.53823,39.04176],[-9.51173,38.95447]]]},"properties":{"etrs":"E264N198"}},{"type":"Feature","geometry":{"type":"Polygon","coordinates":[[[-8.8433,37.05117],[-8.73401,37.07327],[-8.75822,37.16108],[-8.86764,37.13894],[-8.8433,37.05117]]]},"properties":{"etrs":"E265N176"}},{"type":"Feature","geometry":{"type":"Polygon","coordinates":[[[-8.86764,37.13894],[-8.75822,37.16108],[-8.78251,37.24886],[-8.89206,37.22669],[-8.86764,37.13894]]]},"properties":{"etrs":"E265N177"}},{"type":"Feature","geometry":{"type":"Polygon","coordinates":[[[-8.89206,37.22669],[-8.78251,37.24886],[-8.8069,37.33663],[-8.91657,37.31443],[-8.89206,37.22669]]]},"properties":{"etrs":"E265N178"}},{"type":"Feature","geometry":{"type":"Polygon","coordinates":[[[-8.91657,37.31443],[-8.8069,37.33663],[-8.83137,37.42437],[-8.94117,37.40214],[-8.91657,37.31443]]]},"properties":{"etrs":"E265N179"}},{"type":"Feature","geometry":{"type":"Polygon","coordinates":[[[-9.21775,38.36561],[-9.10652,38.38822],[-9.13209,38.47572],[-9.24344,38.45308],[-9.21775,38.36561]]]},"properties":{"etrs":"E265N191"}},{"type":"Feature","geometry":{"type":"Polygon","coordinates":[[[-9.24344,38.45308],[-9.13209,38.47572],[-9.15775,38.5632],[-9.26924,38.54053],[-9.24344,38.45308]]]},"properties":{"etrs":"E265N192"}},{"type":"Feature","geometry":{"type":"Polygon","coordinates":[[[-9.26924,38.54053],[-9.15775,38.5632],[-9.18351,38.65066],[-9.29513,38.62795],[-9.26924,38.54053]]]},"properties":{"etrs":"E265N193"}},{"type":"Feature","geometry":{"type":"Polygon","coordinates":[[[-9.29513,38.62795],[-9.18351,38.65066],[-9.20936,38.7381],[-9.32111,38.71536],[-9.29513,38.62795]]]},"properties":{"etrs":"E265N194"}},{"type":"Feature","geometry":{"type":"Polygon","coordinates":[[[-9.32111,38.71536],[-9.20936,38.7381],[-9.2353,38.82552],[-9.34719,38.80274],[-9.32111,38.71536]]]},"properties":{"etrs":"E265N195"}},{"type":"Feature","geometry":{"type":"Polygon","coordinates":[[[-9.34719,38.80274],[-9.2353,38.82552],[-9.26135,38.91292],[-9.37337,38.89011],[-9.34719,38.80274]]]},"properties":{"etrs":"E265N196"}},{"type":"Feature","geometry":{"type":"Polygon","coordinates":[[[-9.37337,38.89011],[-9.26135,38.91292],[-9.28749,39.0003],[-9.39964,38.97745],[-9.37337,38.89011]]]},"properties":{"etrs":"E265N197"}},{"type":"Feature","geometry":{"type":"Polygon","coordinates":[[[-9.39964,38.97745],[-9.28749,39.0003],[-9.31372,39.08766],[-9.42601,39.06478],[-9.39964,38.97745]]]},"properties":{"etrs":"E265N198"}},{"type":"Feature","geometry":{"type":"Polygon","coordinates":[[[-9.42601,39.06478],[-9.31372,39.08766],[-9.34005,39.175],[-9.45248,39.15208],[-9.42601,39.06478]]]},"properties":{"etrs":"E265N199"}},{"type":"Feature","geometry":{"type":"Polygon","coordinates":[[[-9.45248,39.15208],[-9.34005,39.175],[-9.36648,39.26232],[-9.47904,39.23936],[-9.45248,39.15208]]]},"properties":{"etrs":"E265N200"}},{"type":"Feature","geometry":{"type":"Polygon","coordinates":[[[-9.50571,39.32663],[-9.39301,39.34962],[-9.41964,39.4369],[-9.53247,39.41387],[-9.50571,39.32663]]]},"properties":{"etrs":"E265N202"}},{"type":"Feature","geometry":{"type":"Polygon","coordinates":[[[-9.53247,39.41387],[-9.41964,39.4369],[-9.44637,39.52416],[-9.55934,39.50109],[-9.53247,39.41387]]]},"properties":{"etrs":"E265N203"}},{"type":"Feature","geometry":{"type":"Polygon","coordinates":[[[-8.70989,36.98545],[-8.60066,37.0074],[-8.62466,37.09525],[-8.73401,37.07327],[-8.70989,36.98545]]]},"properties":{"etrs":"E266N175"}},{"type":"Feature","geometry":{"type":"Polygon","coordinates":[[[-8.73401,37.07327],[-8.62466,37.09525],[-8.64874,37.18309],[-8.75822,37.16108],[-8.73401,37.07327]]]},"properties":{"etrs":"E266N176"}},{"type":"Feature","geometry":{"type":"Polygon","coordinates":[[[-8.75822,37.16108],[-8.64874,37.18309],[-8.67291,37.27091],[-8.78251,37.24886],[-8.75822,37.16108]]]},"properties":{"etrs":"E266N177"}},{"type":"Feature","geometry":{"type":"Polygon","coordinates":[[[-8.78251,37.24886],[-8.67291,37.27091],[-8.69716,37.3587],[-8.8069,37.33663],[-8.78251,37.24886]]]},"properties":{"etrs":"E266N178"}},{"type":"Feature","geometry":{"type":"Polygon","coordinates":[[[-8.8069,37.33663],[-8.69716,37.3587],[-8.72151,37.44648],[-8.83137,37.42437],[-8.8069,37.33663]]]},"properties":{"etrs":"E266N179"}},{"type":"Feature","geometry":{"type":"Polygon","coordinates":[[[-8.83137,37.42437],[-8.72151,37.44648],[-8.74594,37.53424],[-8.85593,37.5121],[-8.83137,37.42437]]]},"properties":{"etrs":"E266N180"}},{"type":"Feature","geometry":{"type":"Polygon","coordinates":[[[-8.85593,37.5121],[-8.74594,37.53424],[-8.77046,37.62197],[-8.88058,37.5998],[-8.85593,37.5121]]]},"properties":{"etrs":"E266N181"}},{"type":"Feature","geometry":{"type":"Polygon","coordinates":[[[-8.88058,37.5998],[-8.77046,37.62197],[-8.79508,37.70969],[-8.90532,37.68748],[-8.88058,37.5998]]]},"properties":{"etrs":"E266N182"}},{"type":"Feature","geometry":{"type":"Polygon","coordinates":[[[-8.90532,37.68748],[-8.79508,37.70969],[-8.81978,37.79739],[-8.93015,37.77514],[-8.90532,37.68748]]]},"properties":{"etrs":"E266N183"}},{"type":"Feature","geometry":{"type":"Polygon","coordinates":[[[-8.95507,37.86279],[-8.84457,37.88506],[-8.86945,37.97272],[-8.98008,37.95041],[-8.95507,37.86279]]]},"properties":{"etrs":"E266N185"}},{"type":"Feature","geometry":{"type":"Polygon","coordinates":[[[-9.10652,38.38822],[-8.99524,38.4107],[-9.02067,38.49823],[-9.13209,38.47572],[-9.10652,38.38822]]]},"properties":{"etrs":"E266N191"}},{"type":"Feature","geometry":{"type":"Polygon","coordinates":[[[-9.13209,38.47572],[-9.02067,38.49823],[-9.0462,38.58575],[-9.15775,38.5632],[-9.13209,38.47572]]]},"properties":{"etrs":"E266N192"}},{"type":"Feature","geometry":{"type":"Polygon","coordinates":[[[-9.15775,38.5632],[-9.0462,38.58575],[-9.07182,38.67324],[-9.18351,38.65066],[-9.15775,38.5632]]]},"properties":{"etrs":"E266N193"}},{"type":"Feature","geometry":{"type":"Polygon","coordinates":[[[-9.18351,38.65066],[-9.07182,38.67324],[-9.09754,38.76072],[-9.20936,38.7381],[-9.18351,38.65066]]]},"properties":{"etrs":"E266N194"}},{"type":"Feature","geometry":{"type":"Polygon","coordinates":[[[-9.20936,38.7381],[-9.09754,38.76072],[-9.12335,38.84817],[-9.2353,38.82552],[-9.20936,38.7381]]]},"properties":{"etrs":"E266N195"}},{"type":"Feature","geometry":{"type":"Polygon","coordinates":[[[-9.2353,38.82552],[-9.12335,38.84817],[-9.14926,38.93561],[-9.26135,38.91292],[-9.2353,38.82552]]]},"properties":{"etrs":"E266N196"}},{"type":"Feature","geometry":{"type":"Polygon","coordinates":[[[-9.26135,38.91292],[-9.14926,38.93561],[-9.17526,39.02302],[-9.28749,39.0003],[-9.26135,38.91292]]]},"properties":{"etrs":"E266N197"}},{"type":"Feature","geometry":{"type":"Polygon","coordinates":[[[-9.28749,39.0003],[-9.17526,39.02302],[-9.20137,39.11042],[-9.31372,39.08766],[-9.28749,39.0003]]]},"properties":{"etrs":"E266N198"}},{"type":"Feature","geometry":{"type":"Polygon","coordinates":[[[-9.31372,39.08766],[-9.20137,39.11042],[-9.22756,39.19779],[-9.34005,39.175],[-9.31372,39.08766]]]},"properties":{"etrs":"E266N199"}},{"type":"Feature","geometry":{"type":"Polygon","coordinates":[[[-9.34005,39.175],[-9.22756,39.19779],[-9.25386,39.28514],[-9.36648,39.26232],[-9.34005,39.175]]]},"properties":{"etrs":"E266N200"}},{"type":"Feature","geometry":{"type":"Polygon","coordinates":[[[-9.36648,39.26232],[-9.25386,39.28514],[-9.28025,39.37248],[-9.39301,39.34962],[-9.36648,39.26232]]]},"properties":{"etrs":"E266N201"}},{"type":"Feature","geometry":{"type":"Polygon","coordinates":[[[-9.39301,39.34962],[-9.28025,39.37248],[-9.30674,39.45979],[-9.41964,39.4369],[-9.39301,39.34962]]]},"properties":{"etrs":"E266N202"}},{"type":"Feature","geometry":{"type":"Polygon","coordinates":[[[-8.60066,37.0074],[-8.49138,37.02922],[-8.51524,37.11711],[-8.62466,37.09525],[-8.60066,37.0074]]]},"properties":{"etrs":"E267N175"}},{"type":"Feature","geometry":{"type":"Polygon","coordinates":[[[-8.62466,37.09525],[-8.51524,37.11711],[-8.5392,37.20497],[-8.64874,37.18309],[-8.62466,37.09525]]]},"properties":{"etrs":"E267N176"}},{"type":"Feature","geometry":{"type":"Polygon","coordinates":[[[-8.64874,37.18309],[-8.5392,37.20497],[-8.56324,37.29282],[-8.67291,37.27091],[-8.64874,37.18309]]]},"properties":{"etrs":"E267N177"}},{"type":"Feature","geometry":{"type":"Polygon","coordinates":[[[-8.67291,37.27091],[-8.56324,37.29282],[-8.58737,37.38065],[-8.69716,37.3587],[-8.67291,37.27091]]]},"properties":{"etrs":"E267N178"}},{"type":"Feature","geometry":{"type":"Polygon","coordinates":[[[-8.69716,37.3587],[-8.58737,37.38065],[-8.61159,37.46846],[-8.72151,37.44648],[-8.69716,37.3587]]]},"properties":{"etrs":"E267N179"}},{"type":"Feature","geometry":{"type":"Polygon","coordinates":[[[-8.72151,37.44648],[-8.61159,37.46846],[-8.63589,37.55625],[-8.74594,37.53424],[-8.72151,37.44648]]]},"properties":{"etrs":"E267N180"}},{"type":"Feature","geometry":{"type":"Polygon","coordinates":[[[-8.74594,37.53424],[-8.63589,37.55625],[-8.66029,37.64402],[-8.77046,37.62197],[-8.74594,37.53424]]]},"properties":{"etrs":"E267N181"}},{"type":"Feature","geometry":{"type":"Polygon","coordinates":[[[-8.77046,37.62197],[-8.66029,37.64402],[-8.68477,37.73177],[-8.79508,37.70969],[-8.77046,37.62197]]]},"properties":{"etrs":"E267N182"}},{"type":"Feature","geometry":{"type":"Polygon","coordinates":[[[-8.79508,37.70969],[-8.68477,37.73177],[-8.70934,37.8195],[-8.81978,37.79739],[-8.79508,37.70969]]]},"properties":{"etrs":"E267N183"}},{"type":"Feature","geometry":{"type":"Polygon","coordinates":[[[-8.81978,37.79739],[-8.70934,37.8195],[-8.73401,37.90721],[-8.84457,37.88506],[-8.81978,37.79739]]]},"properties":{"etrs":"E267N184"}},{"type":"Feature","geometry":{"type":"Polygon","coordinates":[[[-8.84457,37.88506],[-8.73401,37.90721],[-8.75876,37.9949],[-8.86945,37.97272],[-8.84457,37.88506]]]},"properties":{"etrs":"E267N185"}},{"type":"Feature","geometry":{"type":"Polygon","coordinates":[[[-8.86945,37.97272],[-8.75876,37.9949],[-8.7836,38.08257],[-8.89442,38.06035],[-8.86945,37.97272]]]},"properties":{"etrs":"E267N186"}},{"type":"Feature","geometry":{"type":"Polygon","coordinates":[[[-8.89442,38.06035],[-8.7836,38.08257],[-8.80853,38.17022],[-8.91949,38.14797],[-8.89442,38.06035]]]},"properties":{"etrs":"E267N187"}},{"type":"Feature","geometry":{"type":"Polygon","coordinates":[[[-8.99524,38.4107],[-8.88389,38.43304],[-8.90919,38.52061],[-9.02067,38.49823],[-8.99524,38.4107]]]},"properties":{"etrs":"E267N191"}},{"type":"Feature","geometry":{"type":"Polygon","coordinates":[[[-9.02067,38.49823],[-8.90919,38.52061],[-8.93458,38.60816],[-9.0462,38.58575],[-9.02067,38.49823]]]},"properties":{"etrs":"E267N192"}},{"type":"Feature","geometry":{"type":"Polygon","coordinates":[[[-9.0462,38.58575],[-8.93458,38.60816],[-8.96007,38.69569],[-9.07182,38.67324],[-9.0462,38.58575]]]},"properties":{"etrs":"E267N193"}},{"type":"Feature","geometry":{"type":"Polygon","coordinates":[[[-9.07182,38.67324],[-8.96007,38.69569],[-8.98566,38.7832],[-9.09754,38.76072],[-9.07182,38.67324]]]},"properties":{"etrs":"E267N194"}},{"type":"Feature","geometry":{"type":"Polygon","coordinates":[[[-9.09754,38.76072],[-8.98566,38.7832],[-9.01134,38.87069],[-9.12335,38.84817],[-9.09754,38.76072]]]},"properties":{"etrs":"E267N195"}},{"type":"Feature","geometry":{"type":"Polygon","coordinates":[[[-9.12335,38.84817],[-9.01134,38.87069],[-9.03711,38.95816],[-9.14926,38.93561],[-9.12335,38.84817]]]},"properties":{"etrs":"E267N196"}},{"type":"Feature","geometry":{"type":"Polygon","coordinates":[[[-9.14926,38.93561],[-9.03711,38.95816],[-9.06298,39.04561],[-9.17526,39.02302],[-9.14926,38.93561]]]},"properties":{"etrs":"E267N197"}},{"type":"Feature","geometry":{"type":"Polygon","coordinates":[[[-9.17526,39.02302],[-9.06298,39.04561],[-9.08894,39.13304],[-9.20137,39.11042],[-9.17526,39.02302]]]},"properties":{"etrs":"E267N198"}},{"type":"Feature","geometry":{"type":"Polygon","coordinates":[[[-9.20137,39.11042],[-9.08894,39.13304],[-9.115,39.22045],[-9.22756,39.19779],[-9.20137,39.11042]]]},"properties":{"etrs":"E267N199"}},{"type":"Feature","geometry":{"type":"Polygon","coordinates":[[[-9.22756,39.19779],[-9.115,39.22045],[-9.14116,39.30784],[-9.25386,39.28514],[-9.22756,39.19779]]]},"properties":{"etrs":"E267N200"}},{"type":"Feature","geometry":{"type":"Polygon","coordinates":[[[-9.25386,39.28514],[-9.14116,39.30784],[-9.16742,39.39521],[-9.28025,39.37248],[-9.25386,39.28514]]]},"properties":{"etrs":"E267N201"}},{"type":"Feature","geometry":{"type":"Polygon","coordinates":[[[-9.28025,39.37248],[-9.16742,39.39521],[-9.19377,39.48256],[-9.30674,39.45979],[-9.28025,39.37248]]]},"properties":{"etrs":"E267N202"}},{"type":"Feature","geometry":{"type":"Polygon","coordinates":[[[-8.49138,37.02922],[-8.38203,37.05091],[-8.40578,37.13883],[-8.51524,37.11711],[-8.49138,37.02922]]]},"properties":{"etrs":"E268N175"}},{"type":"Feature","geometry":{"type":"Polygon","coordinates":[[[-8.51524,37.11711],[-8.40578,37.13883],[-8.4296,37.22673],[-8.5392,37.20497],[-8.51524,37.11711]]]},"properties":{"etrs":"E268N176"}},{"type":"Feature","geometry":{"type":"Polygon","coordinates":[[[-8.5392,37.20497],[-8.4296,37.22673],[-8.45352,37.31461],[-8.56324,37.29282],[-8.5392,37.20497]]]},"properties":{"etrs":"E268N177"}},{"type":"Feature","geometry":{"type":"Polygon","coordinates":[[[-8.56324,37.29282],[-8.45352,37.31461],[-8.47752,37.40247],[-8.58737,37.38065],[-8.56324,37.29282]]]},"properties":{"etrs":"E268N178"}},{"type":"Feature","geometry":{"type":"Polygon","coordinates":[[[-8.58737,37.38065],[-8.47752,37.40247],[-8.50161,37.49032],[-8.61159,37.46846],[-8.58737,37.38065]]]},"properties":{"etrs":"E268N179"}},{"type":"Feature","geometry":{"type":"Polygon","coordinates":[[[-8.61159,37.46846],[-8.50161,37.49032],[-8.52579,37.57814],[-8.63589,37.55625],[-8.61159,37.46846]]]},"properties":{"etrs":"E268N180"}},{"type":"Feature","geometry":{"type":"Polygon","coordinates":[[[-8.63589,37.55625],[-8.52579,37.57814],[-8.55005,37.66594],[-8.66029,37.64402],[-8.63589,37.55625]]]},"properties":{"etrs":"E268N181"}},{"type":"Feature","geometry":{"type":"Polygon","coordinates":[[[-8.66029,37.64402],[-8.55005,37.66594],[-8.57441,37.75372],[-8.68477,37.73177],[-8.66029,37.64402]]]},"properties":{"etrs":"E268N182"}},{"type":"Feature","geometry":{"type":"Polygon","coordinates":[[[-8.68477,37.73177],[-8.57441,37.75372],[-8.59885,37.84148],[-8.70934,37.8195],[-8.68477,37.73177]]]},"properties":{"etrs":"E268N183"}},{"type":"Feature","geometry":{"type":"Polygon","coordinates":[[[-8.70934,37.8195],[-8.59885,37.84148],[-8.62338,37.92923],[-8.73401,37.90721],[-8.70934,37.8195]]]},"properties":{"etrs":"E268N184"}},{"type":"Feature","geometry":{"type":"Polygon","coordinates":[[[-8.73401,37.90721],[-8.62338,37.92923],[-8.648,38.01695],[-8.75876,37.9949],[-8.73401,37.90721]]]},"properties":{"etrs":"E268N185"}},{"type":"Feature","geometry":{"type":"Polygon","coordinates":[[[-8.75876,37.9949],[-8.648,38.01695],[-8.67271,38.10465],[-8.7836,38.08257],[-8.75876,37.9949]]]},"properties":{"etrs":"E268N186"}},{"type":"Feature","geometry":{"type":"Polygon","coordinates":[[[-8.7836,38.08257],[-8.67271,38.10465],[-8.69752,38.19233],[-8.80853,38.17022],[-8.7836,38.08257]]]},"properties":{"etrs":"E268N187"}},{"type":"Feature","geometry":{"type":"Polygon","coordinates":[[[-8.80853,38.17022],[-8.69752,38.19233],[-8.72241,38.28],[-8.83356,38.25784],[-8.80853,38.17022]]]},"properties":{"etrs":"E268N188"}},{"type":"Feature","geometry":{"type":"Polygon","coordinates":[[[-8.83356,38.25784],[-8.72241,38.28],[-8.7474,38.36764],[-8.85868,38.34545],[-8.83356,38.25784]]]},"properties":{"etrs":"E268N189"}},{"type":"Feature","geometry":{"type":"Polygon","coordinates":[[[-8.85868,38.34545],[-8.7474,38.36764],[-8.77247,38.45526],[-8.88389,38.43304],[-8.85868,38.34545]]]},"properties":{"etrs":"E268N190"}},{"type":"Feature","geometry":{"type":"Polygon","coordinates":[[[-8.88389,38.43304],[-8.77247,38.45526],[-8.79764,38.54287],[-8.90919,38.52061],[-8.88389,38.43304]]]},"properties":{"etrs":"E268N191"}},{"type":"Feature","geometry":{"type":"Polygon","coordinates":[[[-8.90919,38.52061],[-8.79764,38.54287],[-8.8229,38.63045],[-8.93458,38.60816],[-8.90919,38.52061]]]},"properties":{"etrs":"E268N192"}},{"type":"Feature","geometry":{"type":"Polygon","coordinates":[[[-8.93458,38.60816],[-8.8229,38.63045],[-8.84826,38.71801],[-8.96007,38.69569],[-8.93458,38.60816]]]},"properties":{"etrs":"E268N193"}},{"type":"Feature","geometry":{"type":"Polygon","coordinates":[[[-8.96007,38.69569],[-8.84826,38.71801],[-8.87371,38.80556],[-8.98566,38.7832],[-8.96007,38.69569]]]},"properties":{"etrs":"E268N194"}},{"type":"Feature","geometry":{"type":"Polygon","coordinates":[[[-8.98566,38.7832],[-8.87371,38.80556],[-8.89925,38.89308],[-9.01134,38.87069],[-8.98566,38.7832]]]},"properties":{"etrs":"E268N195"}},{"type":"Feature","geometry":{"type":"Polygon","coordinates":[[[-9.01134,38.87069],[-8.89925,38.89308],[-8.92489,38.98058],[-9.03711,38.95816],[-9.01134,38.87069]]]},"properties":{"etrs":"E268N196"}},{"type":"Feature","geometry":{"type":"Polygon","coordinates":[[[-9.03711,38.95816],[-8.92489,38.98058],[-8.95062,39.06807],[-9.06298,39.04561],[-9.03711,38.95816]]]},"properties":{"etrs":"E268N197"}},{"type":"Feature","geometry":{"type":"Polygon","coordinates":[[[-9.06298,39.04561],[-8.95062,39.06807],[-8.97645,39.15553],[-9.08894,39.13304],[-9.06298,39.04561]]]},"properties":{"etrs":"E268N198"}},{"type":"Feature","geometry":{"type":"Polygon","coordinates":[[[-9.08894,39.13304],[-8.97645,39.15553],[-9.00238,39.24298],[-9.115,39.22045],[-9.08894,39.13304]]]},"properties":{"etrs":"E268N199"}},{"type":"Feature","geometry":{"type":"Polygon","coordinates":[[[-9.115,39.22045],[-9.00238,39.24298],[-9.0284,39.3304],[-9.14116,39.30784],[-9.115,39.22045]]]},"properties":{"etrs":"E268N200"}},{"type":"Feature","geometry":{"type":"Polygon","coordinates":[[[-9.14116,39.30784],[-9.0284,39.3304],[-9.05452,39.41781],[-9.16742,39.39521],[-9.14116,39.30784]]]},"properties":{"etrs":"E268N201"}},{"type":"Feature","geometry":{"type":"Polygon","coordinates":[[[-9.16742,39.39521],[-9.05452,39.41781],[-9.08073,39.50519],[-9.19377,39.48256],[-9.16742,39.39521]]]},"properties":{"etrs":"E268N202"}},{"type":"Feature","geometry":{"type":"Polygon","coordinates":[[[-9.19377,39.48256],[-9.08073,39.50519],[-9.10705,39.59256],[-9.22022,39.56989],[-9.19377,39.48256]]]},"properties":{"etrs":"E268N203"}},{"type":"Feature","geometry":{"type":"Polygon","coordinates":[[[-8.38203,37.05091],[-8.27263,37.07248],[-8.29625,37.16043],[-8.40578,37.13883],[-8.38203,37.05091]]]},"properties":{"etrs":"E269N175"}},{"type":"Feature","geometry":{"type":"Polygon","coordinates":[[[-8.40578,37.13883],[-8.29625,37.16043],[-8.31995,37.24836],[-8.4296,37.22673],[-8.40578,37.13883]]]},"properties":{"etrs":"E269N176"}},{"type":"Feature","geometry":{"type":"Polygon","coordinates":[[[-8.4296,37.22673],[-8.31995,37.24836],[-8.34374,37.33628],[-8.45352,37.31461],[-8.4296,37.22673]]]},"properties":{"etrs":"E269N177"}},{"type":"Feature","geometry":{"type":"Polygon","coordinates":[[[-8.45352,37.31461],[-8.34374,37.33628],[-8.36761,37.42417],[-8.47752,37.40247],[-8.45352,37.31461]]]},"properties":{"etrs":"E269N178"}},{"type":"Feature","geometry":{"type":"Polygon","coordinates":[[[-8.47752,37.40247],[-8.36761,37.42417],[-8.39157,37.51204],[-8.50161,37.49032],[-8.47752,37.40247]]]},"properties":{"etrs":"E269N179"}},{"type":"Feature","geometry":{"type":"Polygon","coordinates":[[[-8.50161,37.49032],[-8.39157,37.51204],[-8.41562,37.5999],[-8.52579,37.57814],[-8.50161,37.49032]]]},"properties":{"etrs":"E269N180"}},{"type":"Feature","geometry":{"type":"Polygon","coordinates":[[[-8.52579,37.57814],[-8.41562,37.5999],[-8.43976,37.68773],[-8.55005,37.66594],[-8.52579,37.57814]]]},"properties":{"etrs":"E269N181"}},{"type":"Feature","geometry":{"type":"Polygon","coordinates":[[[-8.55005,37.66594],[-8.43976,37.68773],[-8.46398,37.77555],[-8.57441,37.75372],[-8.55005,37.66594]]]},"properties":{"etrs":"E269N182"}},{"type":"Feature","geometry":{"type":"Polygon","coordinates":[[[-8.57441,37.75372],[-8.46398,37.77555],[-8.48829,37.86334],[-8.59885,37.84148],[-8.57441,37.75372]]]},"properties":{"etrs":"E269N183"}},{"type":"Feature","geometry":{"type":"Polygon","coordinates":[[[-8.59885,37.84148],[-8.48829,37.86334],[-8.51269,37.95112],[-8.62338,37.92923],[-8.59885,37.84148]]]},"properties":{"etrs":"E269N184"}},{"type":"Feature","geometry":{"type":"Polygon","coordinates":[[[-8.62338,37.92923],[-8.51269,37.95112],[-8.53719,38.03887],[-8.648,38.01695],[-8.62338,37.92923]]]},"properties":{"etrs":"E269N185"}},{"type":"Feature","geometry":{"type":"Polygon","coordinates":[[[-8.648,38.01695],[-8.53719,38.03887],[-8.56177,38.12661],[-8.67271,38.10465],[-8.648,38.01695]]]},"properties":{"etrs":"E269N186"}},{"type":"Feature","geometry":{"type":"Polygon","coordinates":[[[-8.67271,38.10465],[-8.56177,38.12661],[-8.58644,38.21432],[-8.69752,38.19233],[-8.67271,38.10465]]]},"properties":{"etrs":"E269N187"}},{"type":"Feature","geometry":{"type":"Polygon","coordinates":[[[-8.69752,38.19233],[-8.58644,38.21432],[-8.6112,38.30202],[-8.72241,38.28],[-8.69752,38.19233]]]},"properties":{"etrs":"E269N188"}},{"type":"Feature","geometry":{"type":"Polygon","coordinates":[[[-8.72241,38.28],[-8.6112,38.30202],[-8.63605,38.3897],[-8.7474,38.36764],[-8.72241,38.28]]]},"properties":{"etrs":"E269N189"}},{"type":"Feature","geometry":{"type":"Polygon","coordinates":[[[-8.7474,38.36764],[-8.63605,38.3897],[-8.661,38.47735],[-8.77247,38.45526],[-8.7474,38.36764]]]},"properties":{"etrs":"E269N190"}},{"type":"Feature","geometry":{"type":"Polygon","coordinates":[[[-8.77247,38.45526],[-8.661,38.47735],[-8.68603,38.56499],[-8.79764,38.54287],[-8.77247,38.45526]]]},"properties":{"etrs":"E269N191"}},{"type":"Feature","geometry":{"type":"Polygon","coordinates":[[[-8.79764,38.54287],[-8.68603,38.56499],[-8.71116,38.65261],[-8.8229,38.63045],[-8.79764,38.54287]]]},"properties":{"etrs":"E269N192"}},{"type":"Feature","geometry":{"type":"Polygon","coordinates":[[[-8.8229,38.63045],[-8.71116,38.65261],[-8.73638,38.7402],[-8.84826,38.71801],[-8.8229,38.63045]]]},"properties":{"etrs":"E269N193"}},{"type":"Feature","geometry":{"type":"Polygon","coordinates":[[[-8.84826,38.71801],[-8.73638,38.7402],[-8.7617,38.82778],[-8.87371,38.80556],[-8.84826,38.71801]]]},"properties":{"etrs":"E269N194"}},{"type":"Feature","geometry":{"type":"Polygon","coordinates":[[[-8.87371,38.80556],[-8.7617,38.82778],[-8.7871,38.91534],[-8.89925,38.89308],[-8.87371,38.80556]]]},"properties":{"etrs":"E269N195"}},{"type":"Feature","geometry":{"type":"Polygon","coordinates":[[[-8.89925,38.89308],[-8.7871,38.91534],[-8.81261,39.00288],[-8.92489,38.98058],[-8.89925,38.89308]]]},"properties":{"etrs":"E269N196"}},{"type":"Feature","geometry":{"type":"Polygon","coordinates":[[[-8.92489,38.98058],[-8.81261,39.00288],[-8.8382,39.0904],[-8.95062,39.06807],[-8.92489,38.98058]]]},"properties":{"etrs":"E269N197"}},{"type":"Feature","geometry":{"type":"Polygon","coordinates":[[[-8.95062,39.06807],[-8.8382,39.0904],[-8.8639,39.1779],[-8.97645,39.15553],[-8.95062,39.06807]]]},"properties":{"etrs":"E269N198"}},{"type":"Feature","geometry":{"type":"Polygon","coordinates":[[[-8.97645,39.15553],[-8.8639,39.1779],[-8.88969,39.26538],[-9.00238,39.24298],[-8.97645,39.15553]]]},"properties":{"etrs":"E269N199"}},{"type":"Feature","geometry":{"type":"Polygon","coordinates":[[[-9.00238,39.24298],[-8.88969,39.26538],[-8.91557,39.35284],[-9.0284,39.3304],[-9.00238,39.24298]]]},"properties":{"etrs":"E269N200"}},{"type":"Feature","geometry":{"type":"Polygon","coordinates":[[[-9.0284,39.3304],[-8.91557,39.35284],[-8.94155,39.44028],[-9.05452,39.41781],[-9.0284,39.3304]]]},"properties":{"etrs":"E269N201"}},{"type":"Feature","geometry":{"type":"Polygon","coordinates":[[[-9.05452,39.41781],[-8.94155,39.44028],[-8.96763,39.5277],[-9.08073,39.50519],[-9.05452,39.41781]]]},"properties":{"etrs":"E269N202"}},{"type":"Feature","geometry":{"type":"Polygon","coordinates":[[[-9.08073,39.50519],[-8.96763,39.5277],[-8.9938,39.6151],[-9.10705,39.59256],[-9.08073,39.50519]]]},"properties":{"etrs":"E269N203"}},{"type":"Feature","geometry":{"type":"Polygon","coordinates":[[[-9.10705,39.59256],[-8.9938,39.6151],[-9.02008,39.70248],[-9.13346,39.6799],[-9.10705,39.59256]]]},"properties":{"etrs":"E269N204"}},{"type":"Feature","geometry":{"type":"Polygon","coordinates":[[[-9.13346,39.6799],[-9.02008,39.70248],[-9.04645,39.78984],[-9.15997,39.76723],[-9.13346,39.6799]]]},"properties":{"etrs":"E269N205"}},{"type":"Feature","geometry":{"type":"Polygon","coordinates":[[[-8.2491,36.9845],[-8.13977,37.00591],[-8.16317,37.09392],[-8.27263,37.07248],[-8.2491,36.9845]]]},"properties":{"etrs":"E270N174"}},{"type":"Feature","geometry":{"type":"Polygon","coordinates":[[[-8.27263,37.07248],[-8.16317,37.09392],[-8.18666,37.1819],[-8.29625,37.16043],[-8.27263,37.07248]]]},"properties":{"etrs":"E270N175"}},{"type":"Feature","geometry":{"type":"Polygon","coordinates":[[[-8.29625,37.16043],[-8.18666,37.1819],[-8.21024,37.26987],[-8.31995,37.24836],[-8.29625,37.16043]]]},"properties":{"etrs":"E270N176"}},{"type":"Feature","geometry":{"type":"Polygon","coordinates":[[[-8.31995,37.24836],[-8.21024,37.26987],[-8.2339,37.35781],[-8.34374,37.33628],[-8.31995,37.24836]]]},"properties":{"etrs":"E270N177"}},{"type":"Feature","geometry":{"type":"Polygon","coordinates":[[[-8.34374,37.33628],[-8.2339,37.35781],[-8.25764,37.44574],[-8.36761,37.42417],[-8.34374,37.33628]]]},"properties":{"etrs":"E270N178"}},{"type":"Feature","geometry":{"type":"Polygon","coordinates":[[[-8.36761,37.42417],[-8.25764,37.44574],[-8.28147,37.53364],[-8.39157,37.51204],[-8.36761,37.42417]]]},"properties":{"etrs":"E270N179"}},{"type":"Feature","geometry":{"type":"Polygon","coordinates":[[[-8.39157,37.51204],[-8.28147,37.53364],[-8.30539,37.62153],[-8.41562,37.5999],[-8.39157,37.51204]]]},"properties":{"etrs":"E270N180"}},{"type":"Feature","geometry":{"type":"Polygon","coordinates":[[[-8.41562,37.5999],[-8.30539,37.62153],[-8.3294,37.7094],[-8.43976,37.68773],[-8.41562,37.5999]]]},"properties":{"etrs":"E270N181"}},{"type":"Feature","geometry":{"type":"Polygon","coordinates":[[[-8.43976,37.68773],[-8.3294,37.7094],[-8.35349,37.79724],[-8.46398,37.77555],[-8.43976,37.68773]]]},"properties":{"etrs":"E270N182"}},{"type":"Feature","geometry":{"type":"Polygon","coordinates":[[[-8.46398,37.77555],[-8.35349,37.79724],[-8.37768,37.88507],[-8.48829,37.86334],[-8.46398,37.77555]]]},"properties":{"etrs":"E270N183"}},{"type":"Feature","geometry":{"type":"Polygon","coordinates":[[[-8.48829,37.86334],[-8.37768,37.88507],[-8.40195,37.97288],[-8.51269,37.95112],[-8.48829,37.86334]]]},"properties":{"etrs":"E270N184"}},{"type":"Feature","geometry":{"type":"Polygon","coordinates":[[[-8.51269,37.95112],[-8.40195,37.97288],[-8.42631,38.06067],[-8.53719,38.03887],[-8.51269,37.95112]]]},"properties":{"etrs":"E270N185"}},{"type":"Feature","geometry":{"type":"Polygon","coordinates":[[[-8.53719,38.03887],[-8.42631,38.06067],[-8.45076,38.14844],[-8.56177,38.12661],[-8.53719,38.03887]]]},"properties":{"etrs":"E270N186"}},{"type":"Feature","geometry":{"type":"Polygon","coordinates":[[[-8.56177,38.12661],[-8.45076,38.14844],[-8.4753,38.23618],[-8.58644,38.21432],[-8.56177,38.12661]]]},"properties":{"etrs":"E270N187"}},{"type":"Feature","geometry":{"type":"Polygon","coordinates":[[[-8.58644,38.21432],[-8.4753,38.23618],[-8.49992,38.32391],[-8.6112,38.30202],[-8.58644,38.21432]]]},"properties":{"etrs":"E270N188"}},{"type":"Feature","geometry":{"type":"Polygon","coordinates":[[[-8.6112,38.30202],[-8.49992,38.32391],[-8.52464,38.41162],[-8.63605,38.3897],[-8.6112,38.30202]]]},"properties":{"etrs":"E270N189"}},{"type":"Feature","geometry":{"type":"Polygon","coordinates":[[[-8.63605,38.3897],[-8.52464,38.41162],[-8.54946,38.49931],[-8.661,38.47735],[-8.63605,38.3897]]]},"properties":{"etrs":"E270N190"}},{"type":"Feature","geometry":{"type":"Polygon","coordinates":[[[-8.661,38.47735],[-8.54946,38.49931],[-8.57436,38.58698],[-8.68603,38.56499],[-8.661,38.47735]]]},"properties":{"etrs":"E270N191"}},{"type":"Feature","geometry":{"type":"Polygon","coordinates":[[[-8.68603,38.56499],[-8.57436,38.58698],[-8.59935,38.67464],[-8.71116,38.65261],[-8.68603,38.56499]]]},"properties":{"etrs":"E270N192"}},{"type":"Feature","geometry":{"type":"Polygon","coordinates":[[[-8.71116,38.65261],[-8.59935,38.67464],[-8.62444,38.76227],[-8.73638,38.7402],[-8.71116,38.65261]]]},"properties":{"etrs":"E270N193"}},{"type":"Feature","geometry":{"type":"Polygon","coordinates":[[[-8.73638,38.7402],[-8.62444,38.76227],[-8.64962,38.84988],[-8.7617,38.82778],[-8.73638,38.7402]]]},"properties":{"etrs":"E270N194"}},{"type":"Feature","geometry":{"type":"Polygon","coordinates":[[[-8.7617,38.82778],[-8.64962,38.84988],[-8.67489,38.93747],[-8.7871,38.91534],[-8.7617,38.82778]]]},"properties":{"etrs":"E270N195"}},{"type":"Feature","geometry":{"type":"Polygon","coordinates":[[[-8.7871,38.91534],[-8.67489,38.93747],[-8.70026,39.02504],[-8.81261,39.00288],[-8.7871,38.91534]]]},"properties":{"etrs":"E270N196"}},{"type":"Feature","geometry":{"type":"Polygon","coordinates":[[[-8.81261,39.00288],[-8.70026,39.02504],[-8.72572,39.1126],[-8.8382,39.0904],[-8.81261,39.00288]]]},"properties":{"etrs":"E270N197"}},{"type":"Feature","geometry":{"type":"Polygon","coordinates":[[[-8.8382,39.0904],[-8.72572,39.1126],[-8.75128,39.20013],[-8.8639,39.1779],[-8.8382,39.0904]]]},"properties":{"etrs":"E270N198"}},{"type":"Feature","geometry":{"type":"Polygon","coordinates":[[[-8.8639,39.1779],[-8.75128,39.20013],[-8.77693,39.28764],[-8.88969,39.26538],[-8.8639,39.1779]]]},"properties":{"etrs":"E270N199"}},{"type":"Feature","geometry":{"type":"Polygon","coordinates":[[[-8.88969,39.26538],[-8.77693,39.28764],[-8.80267,39.37514],[-8.91557,39.35284],[-8.88969,39.26538]]]},"properties":{"etrs":"E270N200"}},{"type":"Feature","geometry":{"type":"Polygon","coordinates":[[[-8.91557,39.35284],[-8.80267,39.37514],[-8.82852,39.46261],[-8.94155,39.44028],[-8.91557,39.35284]]]},"properties":{"etrs":"E270N201"}},{"type":"Feature","geometry":{"type":"Polygon","coordinates":[[[-8.94155,39.44028],[-8.82852,39.46261],[-8.85446,39.55007],[-8.96763,39.5277],[-8.94155,39.44028]]]},"properties":{"etrs":"E270N202"}},{"type":"Feature","geometry":{"type":"Polygon","coordinates":[[[-8.96763,39.5277],[-8.85446,39.55007],[-8.88049,39.6375],[-8.9938,39.6151],[-8.96763,39.5277]]]},"properties":{"etrs":"E270N203"}},{"type":"Feature","geometry":{"type":"Polygon","coordinates":[[[-8.9938,39.6151],[-8.88049,39.6375],[-8.90663,39.72492],[-9.02008,39.70248],[-8.9938,39.6151]]]},"properties":{"etrs":"E270N204"}},{"type":"Feature","geometry":{"type":"Polygon","coordinates":[[[-9.02008,39.70248],[-8.90663,39.72492],[-8.93286,39.81232],[-9.04645,39.78984],[-9.02008,39.70248]]]},"properties":{"etrs":"E270N205"}},{"type":"Feature","geometry":{"type":"Polygon","coordinates":[[[-9.04645,39.78984],[-8.93286,39.81232],[-8.95919,39.89969],[-9.07292,39.87718],[-9.04645,39.78984]]]},"properties":{"etrs":"E270N206"}},{"type":"Feature","geometry":{"type":"Polygon","coordinates":[[[-8.13977,37.00591],[-8.03038,37.0272],[-8.05366,37.11523],[-8.16317,37.09392],[-8.13977,37.00591]]]},"properties":{"etrs":"E271N174"}},{"type":"Feature","geometry":{"type":"Polygon","coordinates":[[[-8.16317,37.09392],[-8.05366,37.11523],[-8.07702,37.20325],[-8.18666,37.1819],[-8.16317,37.09392]]]},"properties":{"etrs":"E271N175"}},{"type":"Feature","geometry":{"type":"Polygon","coordinates":[[[-8.18666,37.1819],[-8.07702,37.20325],[-8.10046,37.29124],[-8.21024,37.26987],[-8.18666,37.1819]]]},"properties":{"etrs":"E271N176"}},{"type":"Feature","geometry":{"type":"Polygon","coordinates":[[[-8.21024,37.26987],[-8.10046,37.29124],[-8.124,37.37922],[-8.2339,37.35781],[-8.21024,37.26987]]]},"properties":{"etrs":"E271N177"}},{"type":"Feature","geometry":{"type":"Polygon","coordinates":[[[-8.2339,37.35781],[-8.124,37.37922],[-8.14761,37.46718],[-8.25764,37.44574],[-8.2339,37.35781]]]},"properties":{"etrs":"E271N178"}},{"type":"Feature","geometry":{"type":"Polygon","coordinates":[[[-8.25764,37.44574],[-8.14761,37.46718],[-8.17132,37.55512],[-8.28147,37.53364],[-8.25764,37.44574]]]},"properties":{"etrs":"E271N179"}},{"type":"Feature","geometry":{"type":"Polygon","coordinates":[[[-8.28147,37.53364],[-8.17132,37.55512],[-8.19511,37.64303],[-8.30539,37.62153],[-8.28147,37.53364]]]},"properties":{"etrs":"E271N180"}},{"type":"Feature","geometry":{"type":"Polygon","coordinates":[[[-8.30539,37.62153],[-8.19511,37.64303],[-8.21898,37.73093],[-8.3294,37.7094],[-8.30539,37.62153]]]},"properties":{"etrs":"E271N181"}},{"type":"Feature","geometry":{"type":"Polygon","coordinates":[[[-8.3294,37.7094],[-8.21898,37.73093],[-8.24295,37.81881],[-8.35349,37.79724],[-8.3294,37.7094]]]},"properties":{"etrs":"E271N182"}},{"type":"Feature","geometry":{"type":"Polygon","coordinates":[[[-8.35349,37.79724],[-8.24295,37.81881],[-8.267,37.90667],[-8.37768,37.88507],[-8.35349,37.79724]]]},"properties":{"etrs":"E271N183"}},{"type":"Feature","geometry":{"type":"Polygon","coordinates":[[[-8.37768,37.88507],[-8.267,37.90667],[-8.29114,37.99451],[-8.40195,37.97288],[-8.37768,37.88507]]]},"properties":{"etrs":"E271N184"}},{"type":"Feature","geometry":{"type":"Polygon","coordinates":[[[-8.40195,37.97288],[-8.29114,37.99451],[-8.31537,38.08233],[-8.42631,38.06067],[-8.40195,37.97288]]]},"properties":{"etrs":"E271N185"}},{"type":"Feature","geometry":{"type":"Polygon","coordinates":[[[-8.42631,38.06067],[-8.31537,38.08233],[-8.33969,38.17013],[-8.45076,38.14844],[-8.42631,38.06067]]]},"properties":{"etrs":"E271N186"}},{"type":"Feature","geometry":{"type":"Polygon","coordinates":[[[-8.45076,38.14844],[-8.33969,38.17013],[-8.36409,38.25792],[-8.4753,38.23618],[-8.45076,38.14844]]]},"properties":{"etrs":"E271N187"}},{"type":"Feature","geometry":{"type":"Polygon","coordinates":[[[-8.4753,38.23618],[-8.36409,38.25792],[-8.38859,38.34568],[-8.49992,38.32391],[-8.4753,38.23618]]]},"properties":{"etrs":"E271N188"}},{"type":"Feature","geometry":{"type":"Polygon","coordinates":[[[-8.49992,38.32391],[-8.38859,38.34568],[-8.41318,38.43342],[-8.52464,38.41162],[-8.49992,38.32391]]]},"properties":{"etrs":"E271N189"}},{"type":"Feature","geometry":{"type":"Polygon","coordinates":[[[-8.52464,38.41162],[-8.41318,38.43342],[-8.43785,38.52115],[-8.54946,38.49931],[-8.52464,38.41162]]]},"properties":{"etrs":"E271N190"}},{"type":"Feature","geometry":{"type":"Polygon","coordinates":[[[-8.54946,38.49931],[-8.43785,38.52115],[-8.46262,38.60885],[-8.57436,38.58698],[-8.54946,38.49931]]]},"properties":{"etrs":"E271N191"}},{"type":"Feature","geometry":{"type":"Polygon","coordinates":[[[-8.57436,38.58698],[-8.46262,38.60885],[-8.48748,38.69653],[-8.59935,38.67464],[-8.57436,38.58698]]]},"properties":{"etrs":"E271N192"}},{"type":"Feature","geometry":{"type":"Polygon","coordinates":[[[-8.59935,38.67464],[-8.48748,38.69653],[-8.51243,38.7842],[-8.62444,38.76227],[-8.59935,38.67464]]]},"properties":{"etrs":"E271N193"}},{"type":"Feature","geometry":{"type":"Polygon","coordinates":[[[-8.62444,38.76227],[-8.51243,38.7842],[-8.53748,38.87184],[-8.64962,38.84988],[-8.62444,38.76227]]]},"properties":{"etrs":"E271N194"}},{"type":"Feature","geometry":{"type":"Polygon","coordinates":[[[-8.64962,38.84988],[-8.53748,38.87184],[-8.56262,38.95947],[-8.67489,38.93747],[-8.64962,38.84988]]]},"properties":{"etrs":"E271N195"}},{"type":"Feature","geometry":{"type":"Polygon","coordinates":[[[-8.67489,38.93747],[-8.56262,38.95947],[-8.58785,39.04708],[-8.70026,39.02504],[-8.67489,38.93747]]]},"properties":{"etrs":"E271N196"}},{"type":"Feature","geometry":{"type":"Polygon","coordinates":[[[-8.70026,39.02504],[-8.58785,39.04708],[-8.61317,39.13466],[-8.72572,39.1126],[-8.70026,39.02504]]]},"properties":{"etrs":"E271N197"}},{"type":"Feature","geometry":{"type":"Polygon","coordinates":[[[-8.72572,39.1126],[-8.61317,39.13466],[-8.63859,39.22223],[-8.75128,39.20013],[-8.72572,39.1126]]]},"properties":{"etrs":"E271N198"}},{"type":"Feature","geometry":{"type":"Polygon","coordinates":[[[-8.75128,39.20013],[-8.63859,39.22223],[-8.6641,39.30978],[-8.77693,39.28764],[-8.75128,39.20013]]]},"properties":{"etrs":"E271N199"}},{"type":"Feature","geometry":{"type":"Polygon","coordinates":[[[-8.77693,39.28764],[-8.6641,39.30978],[-8.68971,39.39731],[-8.80267,39.37514],[-8.77693,39.28764]]]},"properties":{"etrs":"E271N200"}},{"type":"Feature","geometry":{"type":"Polygon","coordinates":[[[-8.80267,39.37514],[-8.68971,39.39731],[-8.71542,39.48482],[-8.82852,39.46261],[-8.80267,39.37514]]]},"properties":{"etrs":"E271N201"}},{"type":"Feature","geometry":{"type":"Polygon","coordinates":[[[-8.82852,39.46261],[-8.71542,39.48482],[-8.74122,39.57231],[-8.85446,39.55007],[-8.82852,39.46261]]]},"properties":{"etrs":"E271N202"}},{"type":"Feature","geometry":{"type":"Polygon","coordinates":[[[-8.85446,39.55007],[-8.74122,39.57231],[-8.76711,39.65978],[-8.88049,39.6375],[-8.85446,39.55007]]]},"properties":{"etrs":"E271N203"}},{"type":"Feature","geometry":{"type":"Polygon","coordinates":[[[-8.88049,39.6375],[-8.76711,39.65978],[-8.79311,39.74723],[-8.90663,39.72492],[-8.88049,39.6375]]]},"properties":{"etrs":"E271N204"}},{"type":"Feature","geometry":{"type":"Polygon","coordinates":[[[-8.90663,39.72492],[-8.79311,39.74723],[-8.8192,39.83466],[-8.93286,39.81232],[-8.90663,39.72492]]]},"properties":{"etrs":"E271N205"}},{"type":"Feature","geometry":{"type":"Polygon","coordinates":[[[-8.93286,39.81232],[-8.8192,39.83466],[-8.84539,39.92207],[-8.95919,39.89969],[-8.93286,39.81232]]]},"properties":{"etrs":"E271N206"}},{"type":"Feature","geometry":{"type":"Polygon","coordinates":[[[-8.95919,39.89969],[-8.84539,39.92207],[-8.87168,40.00947],[-8.98562,39.98705],[-8.95919,39.89969]]]},"properties":{"etrs":"E271N207"}},{"type":"Feature","geometry":{"type":"Polygon","coordinates":[[[-8.98562,39.98705],[-8.87168,40.00947],[-8.89806,40.09684],[-9.01215,40.07439],[-8.98562,39.98705]]]},"properties":{"etrs":"E271N208"}},{"type":"Feature","geometry":{"type":"Polygon","coordinates":[[[-8.00719,36.93914],[-7.89787,36.96026],[-7.92093,37.04835],[-8.03038,37.0272],[-8.00719,36.93914]]]},"properties":{"etrs":"E272N173"}},{"type":"Feature","geometry":{"type":"Polygon","coordinates":[[[-8.03038,37.0272],[-7.92093,37.04835],[-7.94408,37.13642],[-8.05366,37.11523],[-8.03038,37.0272]]]},"properties":{"etrs":"E272N174"}},{"type":"Feature","geometry":{"type":"Polygon","coordinates":[[[-8.05366,37.11523],[-7.94408,37.13642],[-7.96732,37.22447],[-8.07702,37.20325],[-8.05366,37.11523]]]},"properties":{"etrs":"E272N175"}},{"type":"Feature","geometry":{"type":"Polygon","coordinates":[[[-8.07702,37.20325],[-7.96732,37.22447],[-7.99064,37.31249],[-8.10046,37.29124],[-8.07702,37.20325]]]},"properties":{"etrs":"E272N176"}},{"type":"Feature","geometry":{"type":"Polygon","coordinates":[[[-8.10046,37.29124],[-7.99064,37.31249],[-8.01404,37.4005],[-8.124,37.37922],[-8.10046,37.29124]]]},"properties":{"etrs":"E272N177"}},{"type":"Feature","geometry":{"type":"Polygon","coordinates":[[[-8.124,37.37922],[-8.01404,37.4005],[-8.03753,37.48849],[-8.14761,37.46718],[-8.124,37.37922]]]},"properties":{"etrs":"E272N178"}},{"type":"Feature","geometry":{"type":"Polygon","coordinates":[[[-8.14761,37.46718],[-8.03753,37.48849],[-8.0611,37.57646],[-8.17132,37.55512],[-8.14761,37.46718]]]},"properties":{"etrs":"E272N179"}},{"type":"Feature","geometry":{"type":"Polygon","coordinates":[[[-8.17132,37.55512],[-8.0611,37.57646],[-8.08476,37.66441],[-8.19511,37.64303],[-8.17132,37.55512]]]},"properties":{"etrs":"E272N180"}},{"type":"Feature","geometry":{"type":"Polygon","coordinates":[[[-8.19511,37.64303],[-8.08476,37.66441],[-8.10851,37.75234],[-8.21898,37.73093],[-8.19511,37.64303]]]},"properties":{"etrs":"E272N181"}},{"type":"Feature","geometry":{"type":"Polygon","coordinates":[[[-8.21898,37.73093],[-8.10851,37.75234],[-8.13234,37.84025],[-8.24295,37.81881],[-8.21898,37.73093]]]},"properties":{"etrs":"E272N182"}},{"type":"Feature","geometry":{"type":"Polygon","coordinates":[[[-8.24295,37.81881],[-8.13234,37.84025],[-8.15626,37.92815],[-8.267,37.90667],[-8.24295,37.81881]]]},"properties":{"etrs":"E272N183"}},{"type":"Feature","geometry":{"type":"Polygon","coordinates":[[[-8.267,37.90667],[-8.15626,37.92815],[-8.18027,38.01602],[-8.29114,37.99451],[-8.267,37.90667]]]},"properties":{"etrs":"E272N184"}},{"type":"Feature","geometry":{"type":"Polygon","coordinates":[[[-8.29114,37.99451],[-8.18027,38.01602],[-8.20437,38.10387],[-8.31537,38.08233],[-8.29114,37.99451]]]},"properties":{"etrs":"E272N185"}},{"type":"Feature","geometry":{"type":"Polygon","coordinates":[[[-8.31537,38.08233],[-8.20437,38.10387],[-8.22855,38.19171],[-8.33969,38.17013],[-8.31537,38.08233]]]},"properties":{"etrs":"E272N186"}},{"type":"Feature","geometry":{"type":"Polygon","coordinates":[[[-8.33969,38.17013],[-8.22855,38.19171],[-8.25283,38.27952],[-8.36409,38.25792],[-8.33969,38.17013]]]},"properties":{"etrs":"E272N187"}},{"type":"Feature","geometry":{"type":"Polygon","coordinates":[[[-8.36409,38.25792],[-8.25283,38.27952],[-8.27719,38.36732],[-8.38859,38.34568],[-8.36409,38.25792]]]},"properties":{"etrs":"E272N188"}},{"type":"Feature","geometry":{"type":"Polygon","coordinates":[[[-8.38859,38.34568],[-8.27719,38.36732],[-8.30164,38.45509],[-8.41318,38.43342],[-8.38859,38.34568]]]},"properties":{"etrs":"E272N189"}},{"type":"Feature","geometry":{"type":"Polygon","coordinates":[[[-8.41318,38.43342],[-8.30164,38.45509],[-8.32619,38.54285],[-8.43785,38.52115],[-8.41318,38.43342]]]},"properties":{"etrs":"E272N190"}},{"type":"Feature","geometry":{"type":"Polygon","coordinates":[[[-8.43785,38.52115],[-8.32619,38.54285],[-8.35082,38.63058],[-8.46262,38.60885],[-8.43785,38.52115]]]},"properties":{"etrs":"E272N191"}},{"type":"Feature","geometry":{"type":"Polygon","coordinates":[[[-8.46262,38.60885],[-8.35082,38.63058],[-8.37555,38.7183],[-8.48748,38.69653],[-8.46262,38.60885]]]},"properties":{"etrs":"E272N192"}},{"type":"Feature","geometry":{"type":"Polygon","coordinates":[[[-8.48748,38.69653],[-8.37555,38.7183],[-8.40036,38.806],[-8.51243,38.7842],[-8.48748,38.69653]]]},"properties":{"etrs":"E272N193"}},{"type":"Feature","geometry":{"type":"Polygon","coordinates":[[[-8.51243,38.7842],[-8.40036,38.806],[-8.42527,38.89368],[-8.53748,38.87184],[-8.51243,38.7842]]]},"properties":{"etrs":"E272N194"}},{"type":"Feature","geometry":{"type":"Polygon","coordinates":[[[-8.53748,38.87184],[-8.42527,38.89368],[-8.45027,38.98134],[-8.56262,38.95947],[-8.53748,38.87184]]]},"properties":{"etrs":"E272N195"}},{"type":"Feature","geometry":{"type":"Polygon","coordinates":[[[-8.56262,38.95947],[-8.45027,38.98134],[-8.47537,39.06898],[-8.58785,39.04708],[-8.56262,38.95947]]]},"properties":{"etrs":"E272N196"}},{"type":"Feature","geometry":{"type":"Polygon","coordinates":[[[-8.58785,39.04708],[-8.47537,39.06898],[-8.50056,39.1566],[-8.61317,39.13466],[-8.58785,39.04708]]]},"properties":{"etrs":"E272N197"}},{"type":"Feature","geometry":{"type":"Polygon","coordinates":[[[-8.61317,39.13466],[-8.50056,39.1566],[-8.52584,39.2442],[-8.63859,39.22223],[-8.61317,39.13466]]]},"properties":{"etrs":"E272N198"}},{"type":"Feature","geometry":{"type":"Polygon","coordinates":[[[-8.63859,39.22223],[-8.52584,39.2442],[-8.55121,39.33179],[-8.6641,39.30978],[-8.63859,39.22223]]]},"properties":{"etrs":"E272N199"}},{"type":"Feature","geometry":{"type":"Polygon","coordinates":[[[-8.6641,39.30978],[-8.55121,39.33179],[-8.57668,39.41935],[-8.68971,39.39731],[-8.6641,39.30978]]]},"properties":{"etrs":"E272N200"}},{"type":"Feature","geometry":{"type":"Polygon","coordinates":[[[-8.68971,39.39731],[-8.57668,39.41935],[-8.60225,39.50689],[-8.71542,39.48482],[-8.68971,39.39731]]]},"properties":{"etrs":"E272N201"}},{"type":"Feature","geometry":{"type":"Polygon","coordinates":[[[-8.71542,39.48482],[-8.60225,39.50689],[-8.62791,39.59442],[-8.74122,39.57231],[-8.71542,39.48482]]]},"properties":{"etrs":"E272N202"}},{"type":"Feature","geometry":{"type":"Polygon","coordinates":[[[-8.74122,39.57231],[-8.62791,39.59442],[-8.65367,39.68192],[-8.76711,39.65978],[-8.74122,39.57231]]]},"properties":{"etrs":"E272N203"}},{"type":"Feature","geometry":{"type":"Polygon","coordinates":[[[-8.76711,39.65978],[-8.65367,39.68192],[-8.67952,39.76941],[-8.79311,39.74723],[-8.76711,39.65978]]]},"properties":{"etrs":"E272N204"}},{"type":"Feature","geometry":{"type":"Polygon","coordinates":[[[-8.79311,39.74723],[-8.67952,39.76941],[-8.70547,39.85688],[-8.8192,39.83466],[-8.79311,39.74723]]]},"properties":{"etrs":"E272N205"}},{"type":"Feature","geometry":{"type":"Polygon","coordinates":[[[-8.8192,39.83466],[-8.70547,39.85688],[-8.73152,39.94432],[-8.84539,39.92207],[-8.8192,39.83466]]]},"properties":{"etrs":"E272N206"}},{"type":"Feature","geometry":{"type":"Polygon","coordinates":[[[-8.84539,39.92207],[-8.73152,39.94432],[-8.75767,40.03175],[-8.87168,40.00947],[-8.84539,39.92207]]]},"properties":{"etrs":"E272N207"}},{"type":"Feature","geometry":{"type":"Polygon","coordinates":[[[-8.87168,40.00947],[-8.75767,40.03175],[-8.78391,40.11916],[-8.89806,40.09684],[-8.87168,40.00947]]]},"properties":{"etrs":"E272N208"}},{"type":"Feature","geometry":{"type":"Polygon","coordinates":[[[-8.89806,40.09684],[-8.78391,40.11916],[-8.81026,40.20655],[-8.92455,40.18419],[-8.89806,40.09684]]]},"properties":{"etrs":"E272N209"}},{"type":"Feature","geometry":{"type":"Polygon","coordinates":[[[-8.92455,40.18419],[-8.81026,40.20655],[-8.8367,40.29392],[-8.95114,40.27153],[-8.92455,40.18419]]]},"properties":{"etrs":"E272N210"}},{"type":"Feature","geometry":{"type":"Polygon","coordinates":[[[-8.95114,40.27153],[-8.8367,40.29392],[-8.86325,40.38127],[-8.97782,40.35884],[-8.95114,40.27153]]]},"properties":{"etrs":"E272N211"}},{"type":"Feature","geometry":{"type":"Polygon","coordinates":[[[-7.89787,36.96026],[-7.78849,36.98126],[-7.81143,37.06938],[-7.92093,37.04835],[-7.89787,36.96026]]]},"properties":{"etrs":"E273N173"}},{"type":"Feature","geometry":{"type":"Polygon","coordinates":[[[-7.92093,37.04835],[-7.81143,37.06938],[-7.83445,37.15748],[-7.94408,37.13642],[-7.92093,37.04835]]]},"properties":{"etrs":"E273N174"}},{"type":"Feature","geometry":{"type":"Polygon","coordinates":[[[-7.94408,37.13642],[-7.83445,37.15748],[-7.85756,37.24556],[-7.96732,37.22447],[-7.94408,37.13642]]]},"properties":{"etrs":"E273N175"}},{"type":"Feature","geometry":{"type":"Polygon","coordinates":[[[-7.96732,37.22447],[-7.85756,37.24556],[-7.88075,37.33362],[-7.99064,37.31249],[-7.96732,37.22447]]]},"properties":{"etrs":"E273N176"}},{"type":"Feature","geometry":{"type":"Polygon","coordinates":[[[-7.99064,37.31249],[-7.88075,37.33362],[-7.90402,37.42166],[-8.01404,37.4005],[-7.99064,37.31249]]]},"properties":{"etrs":"E273N177"}},{"type":"Feature","geometry":{"type":"Polygon","coordinates":[[[-8.01404,37.4005],[-7.90402,37.42166],[-7.92738,37.50968],[-8.03753,37.48849],[-8.01404,37.4005]]]},"properties":{"etrs":"E273N178"}},{"type":"Feature","geometry":{"type":"Polygon","coordinates":[[[-8.03753,37.48849],[-7.92738,37.50968],[-7.95083,37.59768],[-8.0611,37.57646],[-8.03753,37.48849]]]},"properties":{"etrs":"E273N179"}},{"type":"Feature","geometry":{"type":"Polygon","coordinates":[[[-8.0611,37.57646],[-7.95083,37.59768],[-7.97436,37.68566],[-8.08476,37.66441],[-8.0611,37.57646]]]},"properties":{"etrs":"E273N180"}},{"type":"Feature","geometry":{"type":"Polygon","coordinates":[[[-8.08476,37.66441],[-7.97436,37.68566],[-7.99797,37.77362],[-8.10851,37.75234],[-8.08476,37.66441]]]},"properties":{"etrs":"E273N181"}},{"type":"Feature","geometry":{"type":"Polygon","coordinates":[[[-8.10851,37.75234],[-7.99797,37.77362],[-8.02168,37.86157],[-8.13234,37.84025],[-8.10851,37.75234]]]},"properties":{"etrs":"E273N182"}},{"type":"Feature","geometry":{"type":"Polygon","coordinates":[[[-8.13234,37.84025],[-8.02168,37.86157],[-8.04547,37.94949],[-8.15626,37.92815],[-8.13234,37.84025]]]},"properties":{"etrs":"E273N183"}},{"type":"Feature","geometry":{"type":"Polygon","coordinates":[[[-8.15626,37.92815],[-8.04547,37.94949],[-8.06934,38.03739],[-8.18027,38.01602],[-8.15626,37.92815]]]},"properties":{"etrs":"E273N184"}},{"type":"Feature","geometry":{"type":"Polygon","coordinates":[[[-8.18027,38.01602],[-8.06934,38.03739],[-8.09331,38.12528],[-8.20437,38.10387],[-8.18027,38.01602]]]},"properties":{"etrs":"E273N185"}},{"type":"Feature","geometry":{"type":"Polygon","coordinates":[[[-8.20437,38.10387],[-8.09331,38.12528],[-8.11736,38.21315],[-8.22855,38.19171],[-8.20437,38.10387]]]},"properties":{"etrs":"E273N186"}},{"type":"Feature","geometry":{"type":"Polygon","coordinates":[[[-8.22855,38.19171],[-8.11736,38.21315],[-8.1415,38.30099],[-8.25283,38.27952],[-8.22855,38.19171]]]},"properties":{"etrs":"E273N187"}},{"type":"Feature","geometry":{"type":"Polygon","coordinates":[[[-8.25283,38.27952],[-8.1415,38.30099],[-8.16573,38.38882],[-8.27719,38.36732],[-8.25283,38.27952]]]},"properties":{"etrs":"E273N188"}},{"type":"Feature","geometry":{"type":"Polygon","coordinates":[[[-8.27719,38.36732],[-8.16573,38.38882],[-8.19005,38.47663],[-8.30164,38.45509],[-8.27719,38.36732]]]},"properties":{"etrs":"E273N189"}},{"type":"Feature","geometry":{"type":"Polygon","coordinates":[[[-8.30164,38.45509],[-8.19005,38.47663],[-8.21446,38.56442],[-8.32619,38.54285],[-8.30164,38.45509]]]},"properties":{"etrs":"E273N190"}},{"type":"Feature","geometry":{"type":"Polygon","coordinates":[[[-8.32619,38.54285],[-8.21446,38.56442],[-8.23896,38.65219],[-8.35082,38.63058],[-8.32619,38.54285]]]},"properties":{"etrs":"E273N191"}},{"type":"Feature","geometry":{"type":"Polygon","coordinates":[[[-8.35082,38.63058],[-8.23896,38.65219],[-8.26355,38.73994],[-8.37555,38.7183],[-8.35082,38.63058]]]},"properties":{"etrs":"E273N192"}},{"type":"Feature","geometry":{"type":"Polygon","coordinates":[[[-8.37555,38.7183],[-8.26355,38.73994],[-8.28823,38.82767],[-8.40036,38.806],[-8.37555,38.7183]]]},"properties":{"etrs":"E273N193"}},{"type":"Feature","geometry":{"type":"Polygon","coordinates":[[[-8.40036,38.806],[-8.28823,38.82767],[-8.313,38.91539],[-8.42527,38.89368],[-8.40036,38.806]]]},"properties":{"etrs":"E273N194"}},{"type":"Feature","geometry":{"type":"Polygon","coordinates":[[[-8.42527,38.89368],[-8.313,38.91539],[-8.33787,39.00308],[-8.45027,38.98134],[-8.42527,38.89368]]]},"properties":{"etrs":"E273N195"}},{"type":"Feature","geometry":{"type":"Polygon","coordinates":[[[-8.45027,38.98134],[-8.33787,39.00308],[-8.36283,39.09075],[-8.47537,39.06898],[-8.45027,38.98134]]]},"properties":{"etrs":"E273N196"}},{"type":"Feature","geometry":{"type":"Polygon","coordinates":[[[-8.47537,39.06898],[-8.36283,39.09075],[-8.38788,39.17841],[-8.50056,39.1566],[-8.47537,39.06898]]]},"properties":{"etrs":"E273N197"}},{"type":"Feature","geometry":{"type":"Polygon","coordinates":[[[-8.50056,39.1566],[-8.38788,39.17841],[-8.41302,39.26604],[-8.52584,39.2442],[-8.50056,39.1566]]]},"properties":{"etrs":"E273N198"}},{"type":"Feature","geometry":{"type":"Polygon","coordinates":[[[-8.52584,39.2442],[-8.41302,39.26604],[-8.43826,39.35366],[-8.55121,39.33179],[-8.52584,39.2442]]]},"properties":{"etrs":"E273N199"}},{"type":"Feature","geometry":{"type":"Polygon","coordinates":[[[-8.55121,39.33179],[-8.43826,39.35366],[-8.46359,39.44126],[-8.57668,39.41935],[-8.55121,39.33179]]]},"properties":{"etrs":"E273N200"}},{"type":"Feature","geometry":{"type":"Polygon","coordinates":[[[-8.57668,39.41935],[-8.46359,39.44126],[-8.48902,39.52884],[-8.60225,39.50689],[-8.57668,39.41935]]]},"properties":{"etrs":"E273N201"}},{"type":"Feature","geometry":{"type":"Polygon","coordinates":[[[-8.60225,39.50689],[-8.48902,39.52884],[-8.51454,39.6164],[-8.62791,39.59442],[-8.60225,39.50689]]]},"properties":{"etrs":"E273N202"}},{"type":"Feature","geometry":{"type":"Polygon","coordinates":[[[-8.62791,39.59442],[-8.51454,39.6164],[-8.54015,39.70394],[-8.65367,39.68192],[-8.62791,39.59442]]]},"properties":{"etrs":"E273N203"}},{"type":"Feature","geometry":{"type":"Polygon","coordinates":[[[-8.65367,39.68192],[-8.54015,39.70394],[-8.56587,39.79146],[-8.67952,39.76941],[-8.65367,39.68192]]]},"properties":{"etrs":"E273N204"}},{"type":"Feature","geometry":{"type":"Polygon","coordinates":[[[-8.67952,39.76941],[-8.56587,39.79146],[-8.59168,39.87896],[-8.70547,39.85688],[-8.67952,39.76941]]]},"properties":{"etrs":"E273N205"}},{"type":"Feature","geometry":{"type":"Polygon","coordinates":[[[-8.70547,39.85688],[-8.59168,39.87896],[-8.61759,39.96644],[-8.73152,39.94432],[-8.70547,39.85688]]]},"properties":{"etrs":"E273N206"}},{"type":"Feature","geometry":{"type":"Polygon","coordinates":[[[-8.73152,39.94432],[-8.61759,39.96644],[-8.64359,40.0539],[-8.75767,40.03175],[-8.73152,39.94432]]]},"properties":{"etrs":"E273N207"}},{"type":"Feature","geometry":{"type":"Polygon","coordinates":[[[-8.75767,40.03175],[-8.64359,40.0539],[-8.66969,40.14135],[-8.78391,40.11916],[-8.75767,40.03175]]]},"properties":{"etrs":"E273N208"}},{"type":"Feature","geometry":{"type":"Polygon","coordinates":[[[-8.78391,40.11916],[-8.66969,40.14135],[-8.69589,40.22877],[-8.81026,40.20655],[-8.78391,40.11916]]]},"properties":{"etrs":"E273N209"}},{"type":"Feature","geometry":{"type":"Polygon","coordinates":[[[-8.81026,40.20655],[-8.69589,40.22877],[-8.7222,40.31618],[-8.8367,40.29392],[-8.81026,40.20655]]]},"properties":{"etrs":"E273N210"}},{"type":"Feature","geometry":{"type":"Polygon","coordinates":[[[-8.8367,40.29392],[-8.7222,40.31618],[-8.7486,40.40356],[-8.86325,40.38127],[-8.8367,40.29392]]]},"properties":{"etrs":"E273N211"}},{"type":"Feature","geometry":{"type":"Polygon","coordinates":[[[-8.86325,40.38127],[-8.7486,40.40356],[-8.7751,40.49093],[-8.88989,40.4686],[-8.86325,40.38127]]]},"properties":{"etrs":"E273N212"}},{"type":"Feature","geometry":{"type":"Polygon","coordinates":[[[-8.88989,40.4686],[-8.7751,40.49093],[-8.8017,40.57828],[-8.91664,40.55591],[-8.88989,40.4686]]]},"properties":{"etrs":"E273N213"}},{"type":"Feature","geometry":{"type":"Polygon","coordinates":[[[-7.78849,36.98126],[-7.67906,37.00213],[-7.70187,37.09028],[-7.81143,37.06938],[-7.78849,36.98126]]]},"properties":{"etrs":"E274N173"}},{"type":"Feature","geometry":{"type":"Polygon","coordinates":[[[-7.81143,37.06938],[-7.70187,37.09028],[-7.72477,37.17841],[-7.83445,37.15748],[-7.81143,37.06938]]]},"properties":{"etrs":"E274N174"}},{"type":"Feature","geometry":{"type":"Polygon","coordinates":[[[-7.83445,37.15748],[-7.72477,37.17841],[-7.74774,37.26652],[-7.85756,37.24556],[-7.83445,37.15748]]]},"properties":{"etrs":"E274N175"}},{"type":"Feature","geometry":{"type":"Polygon","coordinates":[[[-7.85756,37.24556],[-7.74774,37.26652],[-7.77081,37.35461],[-7.88075,37.33362],[-7.85756,37.24556]]]},"properties":{"etrs":"E274N176"}},{"type":"Feature","geometry":{"type":"Polygon","coordinates":[[[-7.88075,37.33362],[-7.77081,37.35461],[-7.79395,37.44268],[-7.90402,37.42166],[-7.88075,37.33362]]]},"properties":{"etrs":"E274N177"}},{"type":"Feature","geometry":{"type":"Polygon","coordinates":[[[-7.90402,37.42166],[-7.79395,37.44268],[-7.81718,37.53073],[-7.92738,37.50968],[-7.90402,37.42166]]]},"properties":{"etrs":"E274N178"}},{"type":"Feature","geometry":{"type":"Polygon","coordinates":[[[-7.92738,37.50968],[-7.81718,37.53073],[-7.8405,37.61877],[-7.95083,37.59768],[-7.92738,37.50968]]]},"properties":{"etrs":"E274N179"}},{"type":"Feature","geometry":{"type":"Polygon","coordinates":[[[-7.95083,37.59768],[-7.8405,37.61877],[-7.8639,37.70678],[-7.97436,37.68566],[-7.95083,37.59768]]]},"properties":{"etrs":"E274N180"}},{"type":"Feature","geometry":{"type":"Polygon","coordinates":[[[-7.97436,37.68566],[-7.8639,37.70678],[-7.88738,37.79477],[-7.99797,37.77362],[-7.97436,37.68566]]]},"properties":{"etrs":"E274N181"}},{"type":"Feature","geometry":{"type":"Polygon","coordinates":[[[-7.99797,37.77362],[-7.88738,37.79477],[-7.91095,37.88275],[-8.02168,37.86157],[-7.99797,37.77362]]]},"properties":{"etrs":"E274N182"}},{"type":"Feature","geometry":{"type":"Polygon","coordinates":[[[-8.02168,37.86157],[-7.91095,37.88275],[-7.93461,37.97071],[-8.04547,37.94949],[-8.02168,37.86157]]]},"properties":{"etrs":"E274N183"}},{"type":"Feature","geometry":{"type":"Polygon","coordinates":[[[-8.04547,37.94949],[-7.93461,37.97071],[-7.95836,38.05864],[-8.06934,38.03739],[-8.04547,37.94949]]]},"properties":{"etrs":"E274N184"}},{"type":"Feature","geometry":{"type":"Polygon","coordinates":[[[-8.06934,38.03739],[-7.95836,38.05864],[-7.98219,38.14656],[-8.09331,38.12528],[-8.06934,38.03739]]]},"properties":{"etrs":"E274N185"}},{"type":"Feature","geometry":{"type":"Polygon","coordinates":[[[-8.09331,38.12528],[-7.98219,38.14656],[-8.00611,38.23446],[-8.11736,38.21315],[-8.09331,38.12528]]]},"properties":{"etrs":"E274N186"}},{"type":"Feature","geometry":{"type":"Polygon","coordinates":[[[-8.11736,38.21315],[-8.00611,38.23446],[-8.03011,38.32234],[-8.1415,38.30099],[-8.11736,38.21315]]]},"properties":{"etrs":"E274N187"}},{"type":"Feature","geometry":{"type":"Polygon","coordinates":[[[-8.1415,38.30099],[-8.03011,38.32234],[-8.05421,38.4102],[-8.16573,38.38882],[-8.1415,38.30099]]]},"properties":{"etrs":"E274N188"}},{"type":"Feature","geometry":{"type":"Polygon","coordinates":[[[-8.16573,38.38882],[-8.05421,38.4102],[-8.0784,38.49804],[-8.19005,38.47663],[-8.16573,38.38882]]]},"properties":{"etrs":"E274N189"}},{"type":"Feature","geometry":{"type":"Polygon","coordinates":[[[-8.19005,38.47663],[-8.0784,38.49804],[-8.10267,38.58586],[-8.21446,38.56442],[-8.19005,38.47663]]]},"properties":{"etrs":"E274N190"}},{"type":"Feature","geometry":{"type":"Polygon","coordinates":[[[-8.21446,38.56442],[-8.10267,38.58586],[-8.12704,38.67367],[-8.23896,38.65219],[-8.21446,38.56442]]]},"properties":{"etrs":"E274N191"}},{"type":"Feature","geometry":{"type":"Polygon","coordinates":[[[-8.23896,38.65219],[-8.12704,38.67367],[-8.15149,38.76145],[-8.26355,38.73994],[-8.23896,38.65219]]]},"properties":{"etrs":"E274N192"}},{"type":"Feature","geometry":{"type":"Polygon","coordinates":[[[-8.26355,38.73994],[-8.15149,38.76145],[-8.17604,38.84922],[-8.28823,38.82767],[-8.26355,38.73994]]]},"properties":{"etrs":"E274N193"}},{"type":"Feature","geometry":{"type":"Polygon","coordinates":[[[-8.28823,38.82767],[-8.17604,38.84922],[-8.20067,38.93696],[-8.313,38.91539],[-8.28823,38.82767]]]},"properties":{"etrs":"E274N194"}},{"type":"Feature","geometry":{"type":"Polygon","coordinates":[[[-8.313,38.91539],[-8.20067,38.93696],[-8.2254,39.02469],[-8.33787,39.00308],[-8.313,38.91539]]]},"properties":{"etrs":"E274N195"}},{"type":"Feature","geometry":{"type":"Polygon","coordinates":[[[-8.33787,39.00308],[-8.2254,39.02469],[-8.25022,39.1124],[-8.36283,39.09075],[-8.33787,39.00308]]]},"properties":{"etrs":"E274N196"}},{"type":"Feature","geometry":{"type":"Polygon","coordinates":[[[-8.36283,39.09075],[-8.25022,39.1124],[-8.27513,39.20008],[-8.38788,39.17841],[-8.36283,39.09075]]]},"properties":{"etrs":"E274N197"}},{"type":"Feature","geometry":{"type":"Polygon","coordinates":[[[-8.38788,39.17841],[-8.27513,39.20008],[-8.30014,39.28775],[-8.41302,39.26604],[-8.38788,39.17841]]]},"properties":{"etrs":"E274N198"}},{"type":"Feature","geometry":{"type":"Polygon","coordinates":[[[-8.41302,39.26604],[-8.30014,39.28775],[-8.32524,39.3754],[-8.43826,39.35366],[-8.41302,39.26604]]]},"properties":{"etrs":"E274N199"}},{"type":"Feature","geometry":{"type":"Polygon","coordinates":[[[-8.43826,39.35366],[-8.32524,39.3754],[-8.35043,39.46304],[-8.46359,39.44126],[-8.43826,39.35366]]]},"properties":{"etrs":"E274N200"}},{"type":"Feature","geometry":{"type":"Polygon","coordinates":[[[-8.46359,39.44126],[-8.35043,39.46304],[-8.37572,39.55065],[-8.48902,39.52884],[-8.46359,39.44126]]]},"properties":{"etrs":"E274N201"}},{"type":"Feature","geometry":{"type":"Polygon","coordinates":[[[-8.48902,39.52884],[-8.37572,39.55065],[-8.4011,39.63824],[-8.51454,39.6164],[-8.48902,39.52884]]]},"properties":{"etrs":"E274N202"}},{"type":"Feature","geometry":{"type":"Polygon","coordinates":[[[-8.51454,39.6164],[-8.4011,39.63824],[-8.42657,39.72582],[-8.54015,39.70394],[-8.51454,39.6164]]]},"properties":{"etrs":"E274N203"}},{"type":"Feature","geometry":{"type":"Polygon","coordinates":[[[-8.54015,39.70394],[-8.42657,39.72582],[-8.45215,39.81337],[-8.56587,39.79146],[-8.54015,39.70394]]]},"properties":{"etrs":"E274N204"}},{"type":"Feature","geometry":{"type":"Polygon","coordinates":[[[-8.56587,39.79146],[-8.45215,39.81337],[-8.47782,39.90091],[-8.59168,39.87896],[-8.56587,39.79146]]]},"properties":{"etrs":"E274N205"}},{"type":"Feature","geometry":{"type":"Polygon","coordinates":[[[-8.59168,39.87896],[-8.47782,39.90091],[-8.50358,39.98842],[-8.61759,39.96644],[-8.59168,39.87896]]]},"properties":{"etrs":"E274N206"}},{"type":"Feature","geometry":{"type":"Polygon","coordinates":[[[-8.61759,39.96644],[-8.50358,39.98842],[-8.52944,40.07592],[-8.64359,40.0539],[-8.61759,39.96644]]]},"properties":{"etrs":"E274N207"}},{"type":"Feature","geometry":{"type":"Polygon","coordinates":[[[-8.64359,40.0539],[-8.52944,40.07592],[-8.5554,40.1634],[-8.66969,40.14135],[-8.64359,40.0539]]]},"properties":{"etrs":"E274N208"}},{"type":"Feature","geometry":{"type":"Polygon","coordinates":[[[-8.66969,40.14135],[-8.5554,40.1634],[-8.58146,40.25086],[-8.69589,40.22877],[-8.66969,40.14135]]]},"properties":{"etrs":"E274N209"}},{"type":"Feature","geometry":{"type":"Polygon","coordinates":[[[-8.69589,40.22877],[-8.58146,40.25086],[-8.60762,40.3383],[-8.7222,40.31618],[-8.69589,40.22877]]]},"properties":{"etrs":"E274N210"}},{"type":"Feature","geometry":{"type":"Polygon","coordinates":[[[-8.7222,40.31618],[-8.60762,40.3383],[-8.63388,40.42572],[-8.7486,40.40356],[-8.7222,40.31618]]]},"properties":{"etrs":"E274N211"}},{"type":"Feature","geometry":{"type":"Polygon","coordinates":[[[-8.7486,40.40356],[-8.63388,40.42572],[-8.66023,40.51312],[-8.7751,40.49093],[-8.7486,40.40356]]]},"properties":{"etrs":"E274N212"}},{"type":"Feature","geometry":{"type":"Polygon","coordinates":[[[-8.7751,40.49093],[-8.66023,40.51312],[-8.68669,40.60051],[-8.8017,40.57828],[-8.7751,40.49093]]]},"properties":{"etrs":"E274N213"}},{"type":"Feature","geometry":{"type":"Polygon","coordinates":[[[-8.8017,40.57828],[-8.68669,40.60051],[-8.71324,40.68787],[-8.8284,40.6656],[-8.8017,40.57828]]]},"properties":{"etrs":"E274N214"}},{"type":"Feature","geometry":{"type":"Polygon","coordinates":[[[-8.8284,40.6656],[-8.71324,40.68787],[-8.7399,40.77522],[-8.8552,40.75291],[-8.8284,40.6656]]]},"properties":{"etrs":"E274N215"}},{"type":"Feature","geometry":{"type":"Polygon","coordinates":[[[-7.67906,37.00213],[-7.56957,37.02288],[-7.59226,37.11106],[-7.70187,37.09028],[-7.67906,37.00213]]]},"properties":{"etrs":"E275N173"}},{"type":"Feature","geometry":{"type":"Polygon","coordinates":[[[-7.70187,37.09028],[-7.59226,37.11106],[-7.61502,37.19922],[-7.72477,37.17841],[-7.70187,37.09028]]]},"properties":{"etrs":"E275N174"}},{"type":"Feature","geometry":{"type":"Polygon","coordinates":[[[-7.72477,37.17841],[-7.61502,37.19922],[-7.63787,37.28736],[-7.74774,37.26652],[-7.72477,37.17841]]]},"properties":{"etrs":"E275N175"}},{"type":"Feature","geometry":{"type":"Polygon","coordinates":[[[-7.74774,37.26652],[-7.63787,37.28736],[-7.66081,37.37548],[-7.77081,37.35461],[-7.74774,37.26652]]]},"properties":{"etrs":"E275N176"}},{"type":"Feature","geometry":{"type":"Polygon","coordinates":[[[-7.77081,37.35461],[-7.66081,37.37548],[-7.68382,37.46358],[-7.79395,37.44268],[-7.77081,37.35461]]]},"properties":{"etrs":"E275N177"}},{"type":"Feature","geometry":{"type":"Polygon","coordinates":[[[-7.79395,37.44268],[-7.68382,37.46358],[-7.70692,37.55166],[-7.81718,37.53073],[-7.79395,37.44268]]]},"properties":{"etrs":"E275N178"}},{"type":"Feature","geometry":{"type":"Polygon","coordinates":[[[-7.81718,37.53073],[-7.70692,37.55166],[-7.73011,37.63973],[-7.8405,37.61877],[-7.81718,37.53073]]]},"properties":{"etrs":"E275N179"}},{"type":"Feature","geometry":{"type":"Polygon","coordinates":[[[-7.8405,37.61877],[-7.73011,37.63973],[-7.75337,37.72777],[-7.8639,37.70678],[-7.8405,37.61877]]]},"properties":{"etrs":"E275N180"}},{"type":"Feature","geometry":{"type":"Polygon","coordinates":[[[-7.8639,37.70678],[-7.75337,37.72777],[-7.77673,37.8158],[-7.88738,37.79477],[-7.8639,37.70678]]]},"properties":{"etrs":"E275N181"}},{"type":"Feature","geometry":{"type":"Polygon","coordinates":[[[-7.88738,37.79477],[-7.77673,37.8158],[-7.80017,37.90381],[-7.91095,37.88275],[-7.88738,37.79477]]]},"properties":{"etrs":"E275N182"}},{"type":"Feature","geometry":{"type":"Polygon","coordinates":[[[-7.91095,37.88275],[-7.80017,37.90381],[-7.8237,37.99179],[-7.93461,37.97071],[-7.91095,37.88275]]]},"properties":{"etrs":"E275N183"}},{"type":"Feature","geometry":{"type":"Polygon","coordinates":[[[-7.93461,37.97071],[-7.8237,37.99179],[-7.84731,38.07976],[-7.95836,38.05864],[-7.93461,37.97071]]]},"properties":{"etrs":"E275N184"}},{"type":"Feature","geometry":{"type":"Polygon","coordinates":[[[-7.95836,38.05864],[-7.84731,38.07976],[-7.87101,38.16771],[-7.98219,38.14656],[-7.95836,38.05864]]]},"properties":{"etrs":"E275N185"}},{"type":"Feature","geometry":{"type":"Polygon","coordinates":[[[-7.98219,38.14656],[-7.87101,38.16771],[-7.89479,38.25564],[-8.00611,38.23446],[-7.98219,38.14656]]]},"properties":{"etrs":"E275N186"}},{"type":"Feature","geometry":{"type":"Polygon","coordinates":[[[-8.00611,38.23446],[-7.89479,38.25564],[-7.91867,38.34356],[-8.03011,38.32234],[-8.00611,38.23446]]]},"properties":{"etrs":"E275N187"}},{"type":"Feature","geometry":{"type":"Polygon","coordinates":[[[-8.03011,38.32234],[-7.91867,38.34356],[-7.94263,38.43145],[-8.05421,38.4102],[-8.03011,38.32234]]]},"properties":{"etrs":"E275N188"}},{"type":"Feature","geometry":{"type":"Polygon","coordinates":[[[-8.05421,38.4102],[-7.94263,38.43145],[-7.96668,38.51932],[-8.0784,38.49804],[-8.05421,38.4102]]]},"properties":{"etrs":"E275N189"}},{"type":"Feature","geometry":{"type":"Polygon","coordinates":[[[-8.0784,38.49804],[-7.96668,38.51932],[-7.99082,38.60718],[-8.10267,38.58586],[-8.0784,38.49804]]]},"properties":{"etrs":"E275N190"}},{"type":"Feature","geometry":{"type":"Polygon","coordinates":[[[-8.10267,38.58586],[-7.99082,38.60718],[-8.01505,38.69501],[-8.12704,38.67367],[-8.10267,38.58586]]]},"properties":{"etrs":"E275N191"}},{"type":"Feature","geometry":{"type":"Polygon","coordinates":[[[-8.12704,38.67367],[-8.01505,38.69501],[-8.03937,38.78283],[-8.15149,38.76145],[-8.12704,38.67367]]]},"properties":{"etrs":"E275N192"}},{"type":"Feature","geometry":{"type":"Polygon","coordinates":[[[-8.15149,38.76145],[-8.03937,38.78283],[-8.06378,38.87063],[-8.17604,38.84922],[-8.15149,38.76145]]]},"properties":{"etrs":"E275N193"}},{"type":"Feature","geometry":{"type":"Polygon","coordinates":[[[-8.17604,38.84922],[-8.06378,38.87063],[-8.08828,38.95841],[-8.20067,38.93696],[-8.17604,38.84922]]]},"properties":{"etrs":"E275N194"}},{"type":"Feature","geometry":{"type":"Polygon","coordinates":[[[-8.20067,38.93696],[-8.08828,38.95841],[-8.11287,39.04617],[-8.2254,39.02469],[-8.20067,38.93696]]]},"properties":{"etrs":"E275N195"}},{"type":"Feature","geometry":{"type":"Polygon","coordinates":[[[-8.2254,39.02469],[-8.11287,39.04617],[-8.13755,39.13391],[-8.25022,39.1124],[-8.2254,39.02469]]]},"properties":{"etrs":"E275N196"}},{"type":"Feature","geometry":{"type":"Polygon","coordinates":[[[-8.25022,39.1124],[-8.13755,39.13391],[-8.16232,39.22163],[-8.27513,39.20008],[-8.25022,39.1124]]]},"properties":{"etrs":"E275N197"}},{"type":"Feature","geometry":{"type":"Polygon","coordinates":[[[-8.27513,39.20008],[-8.16232,39.22163],[-8.18719,39.30933],[-8.30014,39.28775],[-8.27513,39.20008]]]},"properties":{"etrs":"E275N198"}},{"type":"Feature","geometry":{"type":"Polygon","coordinates":[[[-8.30014,39.28775],[-8.18719,39.30933],[-8.21215,39.39702],[-8.32524,39.3754],[-8.30014,39.28775]]]},"properties":{"etrs":"E275N199"}},{"type":"Feature","geometry":{"type":"Polygon","coordinates":[[[-8.32524,39.3754],[-8.21215,39.39702],[-8.2372,39.48468],[-8.35043,39.46304],[-8.32524,39.3754]]]},"properties":{"etrs":"E275N200"}},{"type":"Feature","geometry":{"type":"Polygon","coordinates":[[[-8.35043,39.46304],[-8.2372,39.48468],[-8.26235,39.57233],[-8.37572,39.55065],[-8.35043,39.46304]]]},"properties":{"etrs":"E275N201"}},{"type":"Feature","geometry":{"type":"Polygon","coordinates":[[[-8.37572,39.55065],[-8.26235,39.57233],[-8.28759,39.65996],[-8.4011,39.63824],[-8.37572,39.55065]]]},"properties":{"etrs":"E275N202"}},{"type":"Feature","geometry":{"type":"Polygon","coordinates":[[[-8.4011,39.63824],[-8.28759,39.65996],[-8.31293,39.74756],[-8.42657,39.72582],[-8.4011,39.63824]]]},"properties":{"etrs":"E275N203"}},{"type":"Feature","geometry":{"type":"Polygon","coordinates":[[[-8.42657,39.72582],[-8.31293,39.74756],[-8.33836,39.83515],[-8.45215,39.81337],[-8.42657,39.72582]]]},"properties":{"etrs":"E275N204"}},{"type":"Feature","geometry":{"type":"Polygon","coordinates":[[[-8.45215,39.81337],[-8.33836,39.83515],[-8.36389,39.92272],[-8.47782,39.90091],[-8.45215,39.81337]]]},"properties":{"etrs":"E275N205"}},{"type":"Feature","geometry":{"type":"Polygon","coordinates":[[[-8.47782,39.90091],[-8.36389,39.92272],[-8.38951,40.01028],[-8.50358,39.98842],[-8.47782,39.90091]]]},"properties":{"etrs":"E275N206"}},{"type":"Feature","geometry":{"type":"Polygon","coordinates":[[[-8.50358,39.98842],[-8.38951,40.01028],[-8.41523,40.09781],[-8.52944,40.07592],[-8.50358,39.98842]]]},"properties":{"etrs":"E275N207"}},{"type":"Feature","geometry":{"type":"Polygon","coordinates":[[[-8.52944,40.07592],[-8.41523,40.09781],[-8.44105,40.18532],[-8.5554,40.1634],[-8.52944,40.07592]]]},"properties":{"etrs":"E275N208"}},{"type":"Feature","geometry":{"type":"Polygon","coordinates":[[[-8.5554,40.1634],[-8.44105,40.18532],[-8.46696,40.27282],[-8.58146,40.25086],[-8.5554,40.1634]]]},"properties":{"etrs":"E275N209"}},{"type":"Feature","geometry":{"type":"Polygon","coordinates":[[[-8.58146,40.25086],[-8.46696,40.27282],[-8.49298,40.36029],[-8.60762,40.3383],[-8.58146,40.25086]]]},"properties":{"etrs":"E275N210"}},{"type":"Feature","geometry":{"type":"Polygon","coordinates":[[[-8.60762,40.3383],[-8.49298,40.36029],[-8.51909,40.44775],[-8.63388,40.42572],[-8.60762,40.3383]]]},"properties":{"etrs":"E275N211"}},{"type":"Feature","geometry":{"type":"Polygon","coordinates":[[[-8.63388,40.42572],[-8.51909,40.44775],[-8.5453,40.53519],[-8.66023,40.51312],[-8.63388,40.42572]]]},"properties":{"etrs":"E275N212"}},{"type":"Feature","geometry":{"type":"Polygon","coordinates":[[[-8.66023,40.51312],[-8.5453,40.53519],[-8.57161,40.62261],[-8.68669,40.60051],[-8.66023,40.51312]]]},"properties":{"etrs":"E275N213"}},{"type":"Feature","geometry":{"type":"Polygon","coordinates":[[[-8.68669,40.60051],[-8.57161,40.62261],[-8.59802,40.71001],[-8.71324,40.68787],[-8.68669,40.60051]]]},"properties":{"etrs":"E275N214"}},{"type":"Feature","geometry":{"type":"Polygon","coordinates":[[[-8.71324,40.68787],[-8.59802,40.71001],[-8.62453,40.79739],[-8.7399,40.77522],[-8.71324,40.68787]]]},"properties":{"etrs":"E275N215"}},{"type":"Feature","geometry":{"type":"Polygon","coordinates":[[[-8.7399,40.77522],[-8.62453,40.79739],[-8.65114,40.88475],[-8.76666,40.86254],[-8.7399,40.77522]]]},"properties":{"etrs":"E275N216"}},{"type":"Feature","geometry":{"type":"Polygon","coordinates":[[[-8.76666,40.86254],[-8.65114,40.88475],[-8.67786,40.97209],[-8.79352,40.94985],[-8.76666,40.86254]]]},"properties":{"etrs":"E275N217"}},{"type":"Feature","geometry":{"type":"Polygon","coordinates":[[[-7.59226,37.11106],[-7.48259,37.13171],[-7.50522,37.2199],[-7.61502,37.19922],[-7.59226,37.11106]]]},"properties":{"etrs":"E276N174"}},{"type":"Feature","geometry":{"type":"Polygon","coordinates":[[[-7.61502,37.19922],[-7.50522,37.2199],[-7.52795,37.30807],[-7.63787,37.28736],[-7.61502,37.19922]]]},"properties":{"etrs":"E276N175"}},{"type":"Feature","geometry":{"type":"Polygon","coordinates":[[[-7.63787,37.28736],[-7.52795,37.30807],[-7.55075,37.39622],[-7.66081,37.37548],[-7.63787,37.28736]]]},"properties":{"etrs":"E276N176"}},{"type":"Feature","geometry":{"type":"Polygon","coordinates":[[[-7.66081,37.37548],[-7.55075,37.39622],[-7.57363,37.48435],[-7.68382,37.46358],[-7.66081,37.37548]]]},"properties":{"etrs":"E276N177"}},{"type":"Feature","geometry":{"type":"Polygon","coordinates":[[[-7.68382,37.46358],[-7.57363,37.48435],[-7.5966,37.57247],[-7.70692,37.55166],[-7.68382,37.46358]]]},"properties":{"etrs":"E276N178"}},{"type":"Feature","geometry":{"type":"Polygon","coordinates":[[[-7.70692,37.55166],[-7.5966,37.57247],[-7.61966,37.66056],[-7.73011,37.63973],[-7.70692,37.55166]]]},"properties":{"etrs":"E276N179"}},{"type":"Feature","geometry":{"type":"Polygon","coordinates":[[[-7.73011,37.63973],[-7.61966,37.66056],[-7.6428,37.74864],[-7.75337,37.72777],[-7.73011,37.63973]]]},"properties":{"etrs":"E276N180"}},{"type":"Feature","geometry":{"type":"Polygon","coordinates":[[[-7.75337,37.72777],[-7.6428,37.74864],[-7.66602,37.8367],[-7.77673,37.8158],[-7.75337,37.72777]]]},"properties":{"etrs":"E276N181"}},{"type":"Feature","geometry":{"type":"Polygon","coordinates":[[[-7.77673,37.8158],[-7.66602,37.8367],[-7.68933,37.92473],[-7.80017,37.90381],[-7.77673,37.8158]]]},"properties":{"etrs":"E276N182"}},{"type":"Feature","geometry":{"type":"Polygon","coordinates":[[[-7.80017,37.90381],[-7.68933,37.92473],[-7.71272,38.01275],[-7.8237,37.99179],[-7.80017,37.90381]]]},"properties":{"etrs":"E276N183"}},{"type":"Feature","geometry":{"type":"Polygon","coordinates":[[[-7.8237,37.99179],[-7.71272,38.01275],[-7.7362,38.10075],[-7.84731,38.07976],[-7.8237,37.99179]]]},"properties":{"etrs":"E276N184"}},{"type":"Feature","geometry":{"type":"Polygon","coordinates":[[[-7.84731,38.07976],[-7.7362,38.10075],[-7.75977,38.18874],[-7.87101,38.16771],[-7.84731,38.07976]]]},"properties":{"etrs":"E276N185"}},{"type":"Feature","geometry":{"type":"Polygon","coordinates":[[[-7.87101,38.16771],[-7.75977,38.18874],[-7.78342,38.2767],[-7.89479,38.25564],[-7.87101,38.16771]]]},"properties":{"etrs":"E276N186"}},{"type":"Feature","geometry":{"type":"Polygon","coordinates":[[[-7.89479,38.25564],[-7.78342,38.2767],[-7.80716,38.36464],[-7.91867,38.34356],[-7.89479,38.25564]]]},"properties":{"etrs":"E276N187"}},{"type":"Feature","geometry":{"type":"Polygon","coordinates":[[[-7.91867,38.34356],[-7.80716,38.36464],[-7.83099,38.45257],[-7.94263,38.43145],[-7.91867,38.34356]]]},"properties":{"etrs":"E276N188"}},{"type":"Feature","geometry":{"type":"Polygon","coordinates":[[[-7.94263,38.43145],[-7.83099,38.45257],[-7.8549,38.54047],[-7.96668,38.51932],[-7.94263,38.43145]]]},"properties":{"etrs":"E276N189"}},{"type":"Feature","geometry":{"type":"Polygon","coordinates":[[[-7.96668,38.51932],[-7.8549,38.54047],[-7.87891,38.62836],[-7.99082,38.60718],[-7.96668,38.51932]]]},"properties":{"etrs":"E276N190"}},{"type":"Feature","geometry":{"type":"Polygon","coordinates":[[[-7.99082,38.60718],[-7.87891,38.62836],[-7.903,38.71623],[-8.01505,38.69501],[-7.99082,38.60718]]]},"properties":{"etrs":"E276N191"}},{"type":"Feature","geometry":{"type":"Polygon","coordinates":[[[-8.01505,38.69501],[-7.903,38.71623],[-7.92718,38.80408],[-8.03937,38.78283],[-8.01505,38.69501]]]},"properties":{"etrs":"E276N192"}},{"type":"Feature","geometry":{"type":"Polygon","coordinates":[[[-8.03937,38.78283],[-7.92718,38.80408],[-7.95146,38.89191],[-8.06378,38.87063],[-8.03937,38.78283]]]},"properties":{"etrs":"E276N193"}},{"type":"Feature","geometry":{"type":"Polygon","coordinates":[[[-8.06378,38.87063],[-7.95146,38.89191],[-7.97582,38.97972],[-8.08828,38.95841],[-8.06378,38.87063]]]},"properties":{"etrs":"E276N194"}},{"type":"Feature","geometry":{"type":"Polygon","coordinates":[[[-8.08828,38.95841],[-7.97582,38.97972],[-8.00027,39.06751],[-8.11287,39.04617],[-8.08828,38.95841]]]},"properties":{"etrs":"E276N195"}},{"type":"Feature","geometry":{"type":"Polygon","coordinates":[[[-8.11287,39.04617],[-8.00027,39.06751],[-8.02482,39.15529],[-8.13755,39.13391],[-8.11287,39.04617]]]},"properties":{"etrs":"E276N196"}},{"type":"Feature","geometry":{"type":"Polygon","coordinates":[[[-8.13755,39.13391],[-8.02482,39.15529],[-8.04945,39.24304],[-8.16232,39.22163],[-8.13755,39.13391]]]},"properties":{"etrs":"E276N197"}},{"type":"Feature","geometry":{"type":"Polygon","coordinates":[[[-8.16232,39.22163],[-8.04945,39.24304],[-8.07418,39.33078],[-8.18719,39.30933],[-8.16232,39.22163]]]},"properties":{"etrs":"E276N198"}},{"type":"Feature","geometry":{"type":"Polygon","coordinates":[[[-8.18719,39.30933],[-8.07418,39.33078],[-8.099,39.4185],[-8.21215,39.39702],[-8.18719,39.30933]]]},"properties":{"etrs":"E276N199"}},{"type":"Feature","geometry":{"type":"Polygon","coordinates":[[[-8.21215,39.39702],[-8.099,39.4185],[-8.12391,39.5062],[-8.2372,39.48468],[-8.21215,39.39702]]]},"properties":{"etrs":"E276N200"}},{"type":"Feature","geometry":{"type":"Polygon","coordinates":[[[-8.2372,39.48468],[-8.12391,39.5062],[-8.14892,39.59388],[-8.26235,39.57233],[-8.2372,39.48468]]]},"properties":{"etrs":"E276N201"}},{"type":"Feature","geometry":{"type":"Polygon","coordinates":[[[-8.26235,39.57233],[-8.14892,39.59388],[-8.17402,39.68154],[-8.28759,39.65996],[-8.26235,39.57233]]]},"properties":{"etrs":"E276N202"}},{"type":"Feature","geometry":{"type":"Polygon","coordinates":[[[-8.28759,39.65996],[-8.17402,39.68154],[-8.19922,39.76918],[-8.31293,39.74756],[-8.28759,39.65996]]]},"properties":{"etrs":"E276N203"}},{"type":"Feature","geometry":{"type":"Polygon","coordinates":[[[-8.31293,39.74756],[-8.19922,39.76918],[-8.22451,39.8568],[-8.33836,39.83515],[-8.31293,39.74756]]]},"properties":{"etrs":"E276N204"}},{"type":"Feature","geometry":{"type":"Polygon","coordinates":[[[-8.33836,39.83515],[-8.22451,39.8568],[-8.24989,39.94441],[-8.36389,39.92272],[-8.33836,39.83515]]]},"properties":{"etrs":"E276N205"}},{"type":"Feature","geometry":{"type":"Polygon","coordinates":[[[-8.36389,39.92272],[-8.24989,39.94441],[-8.27537,40.032],[-8.38951,40.01028],[-8.36389,39.92272]]]},"properties":{"etrs":"E276N206"}},{"type":"Feature","geometry":{"type":"Polygon","coordinates":[[[-8.38951,40.01028],[-8.27537,40.032],[-8.30095,40.11956],[-8.41523,40.09781],[-8.38951,40.01028]]]},"properties":{"etrs":"E276N207"}},{"type":"Feature","geometry":{"type":"Polygon","coordinates":[[[-8.41523,40.09781],[-8.30095,40.11956],[-8.32662,40.20711],[-8.44105,40.18532],[-8.41523,40.09781]]]},"properties":{"etrs":"E276N208"}},{"type":"Feature","geometry":{"type":"Polygon","coordinates":[[[-8.44105,40.18532],[-8.32662,40.20711],[-8.35239,40.29464],[-8.46696,40.27282],[-8.44105,40.18532]]]},"properties":{"etrs":"E276N209"}},{"type":"Feature","geometry":{"type":"Polygon","coordinates":[[[-8.46696,40.27282],[-8.35239,40.29464],[-8.37826,40.38215],[-8.49298,40.36029],[-8.46696,40.27282]]]},"properties":{"etrs":"E276N210"}},{"type":"Feature","geometry":{"type":"Polygon","coordinates":[[[-8.49298,40.36029],[-8.37826,40.38215],[-8.40423,40.46964],[-8.51909,40.44775],[-8.49298,40.36029]]]},"properties":{"etrs":"E276N211"}},{"type":"Feature","geometry":{"type":"Polygon","coordinates":[[[-8.51909,40.44775],[-8.40423,40.46964],[-8.43029,40.55712],[-8.5453,40.53519],[-8.51909,40.44775]]]},"properties":{"etrs":"E276N212"}},{"type":"Feature","geometry":{"type":"Polygon","coordinates":[[[-8.5453,40.53519],[-8.43029,40.55712],[-8.45646,40.64457],[-8.57161,40.62261],[-8.5453,40.53519]]]},"properties":{"etrs":"E276N213"}},{"type":"Feature","geometry":{"type":"Polygon","coordinates":[[[-8.57161,40.62261],[-8.45646,40.64457],[-8.48272,40.73201],[-8.59802,40.71001],[-8.57161,40.62261]]]},"properties":{"etrs":"E276N214"}},{"type":"Feature","geometry":{"type":"Polygon","coordinates":[[[-8.59802,40.71001],[-8.48272,40.73201],[-8.50909,40.81942],[-8.62453,40.79739],[-8.59802,40.71001]]]},"properties":{"etrs":"E276N215"}},{"type":"Feature","geometry":{"type":"Polygon","coordinates":[[[-8.62453,40.79739],[-8.50909,40.81942],[-8.53555,40.90682],[-8.65114,40.88475],[-8.62453,40.79739]]]},"properties":{"etrs":"E276N216"}},{"type":"Feature","geometry":{"type":"Polygon","coordinates":[[[-8.65114,40.88475],[-8.53555,40.90682],[-8.56212,40.9942],[-8.67786,40.97209],[-8.65114,40.88475]]]},"properties":{"etrs":"E276N217"}},{"type":"Feature","geometry":{"type":"Polygon","coordinates":[[[-8.67786,40.97209],[-8.56212,40.9942],[-8.58879,41.08156],[-8.70467,41.05942],[-8.67786,40.97209]]]},"properties":{"etrs":"E276N218"}},{"type":"Feature","geometry":{"type":"Polygon","coordinates":[[[-8.70467,41.05942],[-8.58879,41.08156],[-8.61556,41.1689],[-8.73159,41.14672],[-8.70467,41.05942]]]},"properties":{"etrs":"E276N219"}},{"type":"Feature","geometry":{"type":"Polygon","coordinates":[[[-8.73159,41.14672],[-8.61556,41.1689],[-8.64243,41.25622],[-8.75861,41.23401],[-8.73159,41.14672]]]},"properties":{"etrs":"E276N220"}},{"type":"Feature","geometry":{"type":"Polygon","coordinates":[[[-8.75861,41.23401],[-8.64243,41.25622],[-8.66941,41.34353],[-8.78574,41.32127],[-8.75861,41.23401]]]},"properties":{"etrs":"E276N221"}},{"type":"Feature","geometry":{"type":"Polygon","coordinates":[[[-8.78574,41.32127],[-8.66941,41.34353],[-8.69648,41.43081],[-8.81297,41.40852],[-8.78574,41.32127]]]},"properties":{"etrs":"E276N222"}},{"type":"Feature","geometry":{"type":"Polygon","coordinates":[[[-8.81297,41.40852],[-8.69648,41.43081],[-8.72367,41.51808],[-8.8403,41.49575],[-8.81297,41.40852]]]},"properties":{"etrs":"E276N223"}},{"type":"Feature","geometry":{"type":"Polygon","coordinates":[[[-8.8403,41.49575],[-8.72367,41.51808],[-8.75096,41.60532],[-8.86774,41.58296],[-8.8403,41.49575]]]},"properties":{"etrs":"E276N224"}},{"type":"Feature","geometry":{"type":"Polygon","coordinates":[[[-8.86774,41.58296],[-8.75096,41.60532],[-8.77835,41.69255],[-8.89529,41.67015],[-8.86774,41.58296]]]},"properties":{"etrs":"E276N225"}},{"type":"Feature","geometry":{"type":"Polygon","coordinates":[[[-8.89529,41.67015],[-8.77835,41.69255],[-8.80585,41.77976],[-8.92294,41.75732],[-8.89529,41.67015]]]},"properties":{"etrs":"E276N226"}},{"type":"Feature","geometry":{"type":"Polygon","coordinates":[[[-8.92294,41.75732],[-8.80585,41.77976],[-8.83346,41.86695],[-8.9507,41.84447],[-8.92294,41.75732]]]},"properties":{"etrs":"E276N227"}},{"type":"Feature","geometry":{"type":"Polygon","coordinates":[[[-8.9507,41.84447],[-8.83346,41.86695],[-8.86117,41.95412],[-8.97857,41.93161],[-8.9507,41.84447]]]},"properties":{"etrs":"E276N228"}},{"type":"Feature","geometry":{"type":"Polygon","coordinates":[[[-7.48259,37.13171],[-7.37286,37.15223],[-7.39537,37.24045],[-7.50522,37.2199],[-7.48259,37.13171]]]},"properties":{"etrs":"E277N174"}},{"type":"Feature","geometry":{"type":"Polygon","coordinates":[[[-7.50522,37.2199],[-7.39537,37.24045],[-7.41796,37.32865],[-7.52795,37.30807],[-7.50522,37.2199]]]},"properties":{"etrs":"E277N175"}},{"type":"Feature","geometry":{"type":"Polygon","coordinates":[[[-7.52795,37.30807],[-7.41796,37.32865],[-7.44063,37.41683],[-7.55075,37.39622],[-7.52795,37.30807]]]},"properties":{"etrs":"E277N176"}},{"type":"Feature","geometry":{"type":"Polygon","coordinates":[[[-7.55075,37.39622],[-7.44063,37.41683],[-7.46339,37.505],[-7.57363,37.48435],[-7.55075,37.39622]]]},"properties":{"etrs":"E277N177"}},{"type":"Feature","geometry":{"type":"Polygon","coordinates":[[[-7.57363,37.48435],[-7.46339,37.505],[-7.48623,37.59314],[-7.5966,37.57247],[-7.57363,37.48435]]]},"properties":{"etrs":"E277N178"}},{"type":"Feature","geometry":{"type":"Polygon","coordinates":[[[-7.5966,37.57247],[-7.48623,37.59314],[-7.50915,37.68127],[-7.61966,37.66056],[-7.5966,37.57247]]]},"properties":{"etrs":"E277N179"}},{"type":"Feature","geometry":{"type":"Polygon","coordinates":[[[-7.61966,37.66056],[-7.50915,37.68127],[-7.53216,37.76937],[-7.6428,37.74864],[-7.61966,37.66056]]]},"properties":{"etrs":"E277N180"}},{"type":"Feature","geometry":{"type":"Polygon","coordinates":[[[-7.6428,37.74864],[-7.53216,37.76937],[-7.55525,37.85746],[-7.66602,37.8367],[-7.6428,37.74864]]]},"properties":{"etrs":"E277N181"}},{"type":"Feature","geometry":{"type":"Polygon","coordinates":[[[-7.66602,37.8367],[-7.55525,37.85746],[-7.57843,37.94553],[-7.68933,37.92473],[-7.66602,37.8367]]]},"properties":{"etrs":"E277N182"}},{"type":"Feature","geometry":{"type":"Polygon","coordinates":[[[-7.68933,37.92473],[-7.57843,37.94553],[-7.60169,38.03358],[-7.71272,38.01275],[-7.68933,37.92473]]]},"properties":{"etrs":"E277N183"}},{"type":"Feature","geometry":{"type":"Polygon","coordinates":[[[-7.71272,38.01275],[-7.60169,38.03358],[-7.62503,38.12162],[-7.7362,38.10075],[-7.71272,38.01275]]]},"properties":{"etrs":"E277N184"}},{"type":"Feature","geometry":{"type":"Polygon","coordinates":[[[-7.7362,38.10075],[-7.62503,38.12162],[-7.64847,38.20963],[-7.75977,38.18874],[-7.7362,38.10075]]]},"properties":{"etrs":"E277N185"}},{"type":"Feature","geometry":{"type":"Polygon","coordinates":[[[-7.75977,38.18874],[-7.64847,38.20963],[-7.67199,38.29762],[-7.78342,38.2767],[-7.75977,38.18874]]]},"properties":{"etrs":"E277N186"}},{"type":"Feature","geometry":{"type":"Polygon","coordinates":[[[-7.78342,38.2767],[-7.67199,38.29762],[-7.69559,38.3856],[-7.80716,38.36464],[-7.78342,38.2767]]]},"properties":{"etrs":"E277N187"}},{"type":"Feature","geometry":{"type":"Polygon","coordinates":[[[-7.80716,38.36464],[-7.69559,38.3856],[-7.71929,38.47356],[-7.83099,38.45257],[-7.80716,38.36464]]]},"properties":{"etrs":"E277N188"}},{"type":"Feature","geometry":{"type":"Polygon","coordinates":[[[-7.83099,38.45257],[-7.71929,38.47356],[-7.74307,38.56149],[-7.8549,38.54047],[-7.83099,38.45257]]]},"properties":{"etrs":"E277N189"}},{"type":"Feature","geometry":{"type":"Polygon","coordinates":[[[-7.8549,38.54047],[-7.74307,38.56149],[-7.76693,38.64941],[-7.87891,38.62836],[-7.8549,38.54047]]]},"properties":{"etrs":"E277N190"}},{"type":"Feature","geometry":{"type":"Polygon","coordinates":[[[-7.87891,38.62836],[-7.76693,38.64941],[-7.79089,38.73731],[-7.903,38.71623],[-7.87891,38.62836]]]},"properties":{"etrs":"E277N191"}},{"type":"Feature","geometry":{"type":"Polygon","coordinates":[[[-7.903,38.71623],[-7.79089,38.73731],[-7.81494,38.8252],[-7.92718,38.80408],[-7.903,38.71623]]]},"properties":{"etrs":"E277N192"}},{"type":"Feature","geometry":{"type":"Polygon","coordinates":[[[-7.92718,38.80408],[-7.81494,38.8252],[-7.83907,38.91306],[-7.95146,38.89191],[-7.92718,38.80408]]]},"properties":{"etrs":"E277N193"}},{"type":"Feature","geometry":{"type":"Polygon","coordinates":[[[-7.95146,38.89191],[-7.83907,38.91306],[-7.8633,39.0009],[-7.97582,38.97972],[-7.95146,38.89191]]]},"properties":{"etrs":"E277N194"}},{"type":"Feature","geometry":{"type":"Polygon","coordinates":[[[-7.97582,38.97972],[-7.8633,39.0009],[-7.88761,39.08873],[-8.00027,39.06751],[-7.97582,38.97972]]]},"properties":{"etrs":"E277N195"}},{"type":"Feature","geometry":{"type":"Polygon","coordinates":[[[-8.00027,39.06751],[-7.88761,39.08873],[-7.91202,39.17654],[-8.02482,39.15529],[-8.00027,39.06751]]]},"properties":{"etrs":"E277N196"}},{"type":"Feature","geometry":{"type":"Polygon","coordinates":[[[-8.02482,39.15529],[-7.91202,39.17654],[-7.93652,39.26433],[-8.04945,39.24304],[-8.02482,39.15529]]]},"properties":{"etrs":"E277N197"}},{"type":"Feature","geometry":{"type":"Polygon","coordinates":[[[-8.04945,39.24304],[-7.93652,39.26433],[-7.96111,39.3521],[-8.07418,39.33078],[-8.04945,39.24304]]]},"properties":{"etrs":"E277N198"}},{"type":"Feature","geometry":{"type":"Polygon","coordinates":[[[-8.07418,39.33078],[-7.96111,39.3521],[-7.98579,39.43985],[-8.099,39.4185],[-8.07418,39.33078]]]},"properties":{"etrs":"E277N199"}},{"type":"Feature","geometry":{"type":"Polygon","coordinates":[[[-8.099,39.4185],[-7.98579,39.43985],[-8.01056,39.52758],[-8.12391,39.5062],[-8.099,39.4185]]]},"properties":{"etrs":"E277N200"}},{"type":"Feature","geometry":{"type":"Polygon","coordinates":[[[-8.12391,39.5062],[-8.01056,39.52758],[-8.03543,39.61529],[-8.14892,39.59388],[-8.12391,39.5062]]]},"properties":{"etrs":"E277N201"}},{"type":"Feature","geometry":{"type":"Polygon","coordinates":[[[-8.14892,39.59388],[-8.03543,39.61529],[-8.06039,39.70299],[-8.17402,39.68154],[-8.14892,39.59388]]]},"properties":{"etrs":"E277N202"}},{"type":"Feature","geometry":{"type":"Polygon","coordinates":[[[-8.17402,39.68154],[-8.06039,39.70299],[-8.08544,39.79066],[-8.19922,39.76918],[-8.17402,39.68154]]]},"properties":{"etrs":"E277N203"}},{"type":"Feature","geometry":{"type":"Polygon","coordinates":[[[-8.19922,39.76918],[-8.08544,39.79066],[-8.11059,39.87832],[-8.22451,39.8568],[-8.19922,39.76918]]]},"properties":{"etrs":"E277N204"}},{"type":"Feature","geometry":{"type":"Polygon","coordinates":[[[-8.22451,39.8568],[-8.11059,39.87832],[-8.13583,39.96596],[-8.24989,39.94441],[-8.22451,39.8568]]]},"properties":{"etrs":"E277N205"}},{"type":"Feature","geometry":{"type":"Polygon","coordinates":[[[-8.24989,39.94441],[-8.13583,39.96596],[-8.16117,40.05358],[-8.27537,40.032],[-8.24989,39.94441]]]},"properties":{"etrs":"E277N206"}},{"type":"Feature","geometry":{"type":"Polygon","coordinates":[[[-8.27537,40.032],[-8.16117,40.05358],[-8.1866,40.14118],[-8.30095,40.11956],[-8.27537,40.032]]]},"properties":{"etrs":"E277N207"}},{"type":"Feature","geometry":{"type":"Polygon","coordinates":[[[-8.30095,40.11956],[-8.1866,40.14118],[-8.21213,40.22877],[-8.32662,40.20711],[-8.30095,40.11956]]]},"properties":{"etrs":"E277N208"}},{"type":"Feature","geometry":{"type":"Polygon","coordinates":[[[-8.32662,40.20711],[-8.21213,40.22877],[-8.23776,40.31633],[-8.35239,40.29464],[-8.32662,40.20711]]]},"properties":{"etrs":"E277N209"}},{"type":"Feature","geometry":{"type":"Polygon","coordinates":[[[-8.35239,40.29464],[-8.23776,40.31633],[-8.26348,40.40388],[-8.37826,40.38215],[-8.35239,40.29464]]]},"properties":{"etrs":"E277N210"}},{"type":"Feature","geometry":{"type":"Polygon","coordinates":[[[-8.37826,40.38215],[-8.26348,40.40388],[-8.2893,40.4914],[-8.40423,40.46964],[-8.37826,40.38215]]]},"properties":{"etrs":"E277N211"}},{"type":"Feature","geometry":{"type":"Polygon","coordinates":[[[-8.40423,40.46964],[-8.2893,40.4914],[-8.31522,40.57891],[-8.43029,40.55712],[-8.40423,40.46964]]]},"properties":{"etrs":"E277N212"}},{"type":"Feature","geometry":{"type":"Polygon","coordinates":[[[-8.43029,40.55712],[-8.31522,40.57891],[-8.34124,40.6664],[-8.45646,40.64457],[-8.43029,40.55712]]]},"properties":{"etrs":"E277N213"}},{"type":"Feature","geometry":{"type":"Polygon","coordinates":[[[-8.45646,40.64457],[-8.34124,40.6664],[-8.36736,40.75387],[-8.48272,40.73201],[-8.45646,40.64457]]]},"properties":{"etrs":"E277N214"}},{"type":"Feature","geometry":{"type":"Polygon","coordinates":[[[-8.48272,40.73201],[-8.36736,40.75387],[-8.39357,40.84132],[-8.50909,40.81942],[-8.48272,40.73201]]]},"properties":{"etrs":"E277N215"}},{"type":"Feature","geometry":{"type":"Polygon","coordinates":[[[-8.50909,40.81942],[-8.39357,40.84132],[-8.41989,40.92876],[-8.53555,40.90682],[-8.50909,40.81942]]]},"properties":{"etrs":"E277N216"}},{"type":"Feature","geometry":{"type":"Polygon","coordinates":[[[-8.53555,40.90682],[-8.41989,40.92876],[-8.44631,41.01617],[-8.56212,40.9942],[-8.53555,40.90682]]]},"properties":{"etrs":"E277N217"}},{"type":"Feature","geometry":{"type":"Polygon","coordinates":[[[-8.56212,40.9942],[-8.44631,41.01617],[-8.47283,41.10357],[-8.58879,41.08156],[-8.56212,40.9942]]]},"properties":{"etrs":"E277N218"}},{"type":"Feature","geometry":{"type":"Polygon","coordinates":[[[-8.58879,41.08156],[-8.47283,41.10357],[-8.49945,41.19094],[-8.61556,41.1689],[-8.58879,41.08156]]]},"properties":{"etrs":"E277N219"}},{"type":"Feature","geometry":{"type":"Polygon","coordinates":[[[-8.61556,41.1689],[-8.49945,41.19094],[-8.52617,41.2783],[-8.64243,41.25622],[-8.61556,41.1689]]]},"properties":{"etrs":"E277N220"}},{"type":"Feature","geometry":{"type":"Polygon","coordinates":[[[-8.64243,41.25622],[-8.52617,41.2783],[-8.553,41.36564],[-8.66941,41.34353],[-8.64243,41.25622]]]},"properties":{"etrs":"E277N221"}},{"type":"Feature","geometry":{"type":"Polygon","coordinates":[[[-8.66941,41.34353],[-8.553,41.36564],[-8.57993,41.45296],[-8.69648,41.43081],[-8.66941,41.34353]]]},"properties":{"etrs":"E277N222"}},{"type":"Feature","geometry":{"type":"Polygon","coordinates":[[[-8.69648,41.43081],[-8.57993,41.45296],[-8.60696,41.54026],[-8.72367,41.51808],[-8.69648,41.43081]]]},"properties":{"etrs":"E277N223"}},{"type":"Feature","geometry":{"type":"Polygon","coordinates":[[[-8.72367,41.51808],[-8.60696,41.54026],[-8.6341,41.62755],[-8.75096,41.60532],[-8.72367,41.51808]]]},"properties":{"etrs":"E277N224"}},{"type":"Feature","geometry":{"type":"Polygon","coordinates":[[[-8.75096,41.60532],[-8.6341,41.62755],[-8.66134,41.71481],[-8.77835,41.69255],[-8.75096,41.60532]]]},"properties":{"etrs":"E277N225"}},{"type":"Feature","geometry":{"type":"Polygon","coordinates":[[[-8.77835,41.69255],[-8.66134,41.71481],[-8.68869,41.80206],[-8.80585,41.77976],[-8.77835,41.69255]]]},"properties":{"etrs":"E277N226"}},{"type":"Feature","geometry":{"type":"Polygon","coordinates":[[[-8.80585,41.77976],[-8.68869,41.80206],[-8.71614,41.88929],[-8.83346,41.86695],[-8.80585,41.77976]]]},"properties":{"etrs":"E277N227"}},{"type":"Feature","geometry":{"type":"Polygon","coordinates":[[[-8.83346,41.86695],[-8.71614,41.88929],[-8.7437,41.97649],[-8.86117,41.95412],[-8.83346,41.86695]]]},"properties":{"etrs":"E277N228"}},{"type":"Feature","geometry":{"type":"Polygon","coordinates":[[[-7.48623,37.59314],[-7.3758,37.61369],[-7.39859,37.70184],[-7.50915,37.68127],[-7.48623,37.59314]]]},"properties":{"etrs":"E278N179"}},{"type":"Feature","geometry":{"type":"Polygon","coordinates":[[[-7.50915,37.68127],[-7.39859,37.70184],[-7.42147,37.78998],[-7.53216,37.76937],[-7.50915,37.68127]]]},"properties":{"etrs":"E278N180"}},{"type":"Feature","geometry":{"type":"Polygon","coordinates":[[[-7.53216,37.76937],[-7.42147,37.78998],[-7.44443,37.8781],[-7.55525,37.85746],[-7.53216,37.76937]]]},"properties":{"etrs":"E278N181"}},{"type":"Feature","geometry":{"type":"Polygon","coordinates":[[[-7.55525,37.85746],[-7.44443,37.8781],[-7.46747,37.9662],[-7.57843,37.94553],[-7.55525,37.85746]]]},"properties":{"etrs":"E278N182"}},{"type":"Feature","geometry":{"type":"Polygon","coordinates":[[[-7.57843,37.94553],[-7.46747,37.9662],[-7.4906,38.05428],[-7.60169,38.03358],[-7.57843,37.94553]]]},"properties":{"etrs":"E278N183"}},{"type":"Feature","geometry":{"type":"Polygon","coordinates":[[[-7.60169,38.03358],[-7.4906,38.05428],[-7.51381,38.14235],[-7.62503,38.12162],[-7.60169,38.03358]]]},"properties":{"etrs":"E278N184"}},{"type":"Feature","geometry":{"type":"Polygon","coordinates":[[[-7.62503,38.12162],[-7.51381,38.14235],[-7.53711,38.23039],[-7.64847,38.20963],[-7.62503,38.12162]]]},"properties":{"etrs":"E278N185"}},{"type":"Feature","geometry":{"type":"Polygon","coordinates":[[[-7.64847,38.20963],[-7.53711,38.23039],[-7.56049,38.31842],[-7.67199,38.29762],[-7.64847,38.20963]]]},"properties":{"etrs":"E278N186"}},{"type":"Feature","geometry":{"type":"Polygon","coordinates":[[[-7.67199,38.29762],[-7.56049,38.31842],[-7.58397,38.40643],[-7.69559,38.3856],[-7.67199,38.29762]]]},"properties":{"etrs":"E278N187"}},{"type":"Feature","geometry":{"type":"Polygon","coordinates":[[[-7.69559,38.3856],[-7.58397,38.40643],[-7.60752,38.49442],[-7.71929,38.47356],[-7.69559,38.3856]]]},"properties":{"etrs":"E278N188"}},{"type":"Feature","geometry":{"type":"Polygon","coordinates":[[[-7.71929,38.47356],[-7.60752,38.49442],[-7.63117,38.58239],[-7.74307,38.56149],[-7.71929,38.47356]]]},"properties":{"etrs":"E278N189"}},{"type":"Feature","geometry":{"type":"Polygon","coordinates":[[[-7.74307,38.56149],[-7.63117,38.58239],[-7.6549,38.67034],[-7.76693,38.64941],[-7.74307,38.56149]]]},"properties":{"etrs":"E278N190"}},{"type":"Feature","geometry":{"type":"Polygon","coordinates":[[[-7.76693,38.64941],[-7.6549,38.67034],[-7.67872,38.75827],[-7.79089,38.73731],[-7.76693,38.64941]]]},"properties":{"etrs":"E278N191"}},{"type":"Feature","geometry":{"type":"Polygon","coordinates":[[[-7.79089,38.73731],[-7.67872,38.75827],[-7.70263,38.84618],[-7.81494,38.8252],[-7.79089,38.73731]]]},"properties":{"etrs":"E278N192"}},{"type":"Feature","geometry":{"type":"Polygon","coordinates":[[[-7.81494,38.8252],[-7.70263,38.84618],[-7.72663,38.93408],[-7.83907,38.91306],[-7.81494,38.8252]]]},"properties":{"etrs":"E278N193"}},{"type":"Feature","geometry":{"type":"Polygon","coordinates":[[[-7.83907,38.91306],[-7.72663,38.93408],[-7.75072,39.02196],[-7.8633,39.0009],[-7.83907,38.91306]]]},"properties":{"etrs":"E278N194"}},{"type":"Feature","geometry":{"type":"Polygon","coordinates":[[[-7.8633,39.0009],[-7.75072,39.02196],[-7.77489,39.10982],[-7.88761,39.08873],[-7.8633,39.0009]]]},"properties":{"etrs":"E278N195"}},{"type":"Feature","geometry":{"type":"Polygon","coordinates":[[[-7.88761,39.08873],[-7.77489,39.10982],[-7.79916,39.19766],[-7.91202,39.17654],[-7.88761,39.08873]]]},"properties":{"etrs":"E278N196"}},{"type":"Feature","geometry":{"type":"Polygon","coordinates":[[[-7.91202,39.17654],[-7.79916,39.19766],[-7.82352,39.28548],[-7.93652,39.26433],[-7.91202,39.17654]]]},"properties":{"etrs":"E278N197"}},{"type":"Feature","geometry":{"type":"Polygon","coordinates":[[[-7.93652,39.26433],[-7.82352,39.28548],[-7.84797,39.37328],[-7.96111,39.3521],[-7.93652,39.26433]]]},"properties":{"etrs":"E278N198"}},{"type":"Feature","geometry":{"type":"Polygon","coordinates":[[[-7.96111,39.3521],[-7.84797,39.37328],[-7.87251,39.46107],[-7.98579,39.43985],[-7.96111,39.3521]]]},"properties":{"etrs":"E278N199"}},{"type":"Feature","geometry":{"type":"Polygon","coordinates":[[[-7.98579,39.43985],[-7.87251,39.46107],[-7.89714,39.54883],[-8.01056,39.52758],[-7.98579,39.43985]]]},"properties":{"etrs":"E278N200"}},{"type":"Feature","geometry":{"type":"Polygon","coordinates":[[[-8.01056,39.52758],[-7.89714,39.54883],[-7.92187,39.63658],[-8.03543,39.61529],[-8.01056,39.52758]]]},"properties":{"etrs":"E278N201"}},{"type":"Feature","geometry":{"type":"Polygon","coordinates":[[[-8.03543,39.61529],[-7.92187,39.63658],[-7.94669,39.72431],[-8.06039,39.70299],[-8.03543,39.61529]]]},"properties":{"etrs":"E278N202"}},{"type":"Feature","geometry":{"type":"Polygon","coordinates":[[[-8.06039,39.70299],[-7.94669,39.72431],[-7.9716,39.81202],[-8.08544,39.79066],[-8.06039,39.70299]]]},"properties":{"etrs":"E278N203"}},{"type":"Feature","geometry":{"type":"Polygon","coordinates":[[[-8.08544,39.79066],[-7.9716,39.81202],[-7.9966,39.89971],[-8.11059,39.87832],[-8.08544,39.79066]]]},"properties":{"etrs":"E278N204"}},{"type":"Feature","geometry":{"type":"Polygon","coordinates":[[[-8.11059,39.87832],[-7.9966,39.89971],[-8.0217,39.98738],[-8.13583,39.96596],[-8.11059,39.87832]]]},"properties":{"etrs":"E278N205"}},{"type":"Feature","geometry":{"type":"Polygon","coordinates":[[[-8.13583,39.96596],[-8.0217,39.98738],[-8.0469,40.07504],[-8.16117,40.05358],[-8.13583,39.96596]]]},"properties":{"etrs":"E278N206"}},{"type":"Feature","geometry":{"type":"Polygon","coordinates":[[[-8.16117,40.05358],[-8.0469,40.07504],[-8.07219,40.16267],[-8.1866,40.14118],[-8.16117,40.05358]]]},"properties":{"etrs":"E278N207"}},{"type":"Feature","geometry":{"type":"Polygon","coordinates":[[[-8.1866,40.14118],[-8.07219,40.16267],[-8.09757,40.25029],[-8.21213,40.22877],[-8.1866,40.14118]]]},"properties":{"etrs":"E278N208"}},{"type":"Feature","geometry":{"type":"Polygon","coordinates":[[[-8.21213,40.22877],[-8.09757,40.25029],[-8.12305,40.33789],[-8.23776,40.31633],[-8.21213,40.22877]]]},"properties":{"etrs":"E278N209"}},{"type":"Feature","geometry":{"type":"Polygon","coordinates":[[[-8.23776,40.31633],[-8.12305,40.33789],[-8.14863,40.42547],[-8.26348,40.40388],[-8.23776,40.31633]]]},"properties":{"etrs":"E278N210"}},{"type":"Feature","geometry":{"type":"Polygon","coordinates":[[[-8.26348,40.40388],[-8.14863,40.42547],[-8.17431,40.51303],[-8.2893,40.4914],[-8.26348,40.40388]]]},"properties":{"etrs":"E278N211"}},{"type":"Feature","geometry":{"type":"Polygon","coordinates":[[[-8.2893,40.4914],[-8.17431,40.51303],[-8.20008,40.60057],[-8.31522,40.57891],[-8.2893,40.4914]]]},"properties":{"etrs":"E278N212"}},{"type":"Feature","geometry":{"type":"Polygon","coordinates":[[[-8.31522,40.57891],[-8.20008,40.60057],[-8.22595,40.6881],[-8.34124,40.6664],[-8.31522,40.57891]]]},"properties":{"etrs":"E278N213"}},{"type":"Feature","geometry":{"type":"Polygon","coordinates":[[[-8.34124,40.6664],[-8.22595,40.6881],[-8.25192,40.7756],[-8.36736,40.75387],[-8.34124,40.6664]]]},"properties":{"etrs":"E278N214"}},{"type":"Feature","geometry":{"type":"Polygon","coordinates":[[[-8.36736,40.75387],[-8.25192,40.7756],[-8.27799,40.86309],[-8.39357,40.84132],[-8.36736,40.75387]]]},"properties":{"etrs":"E278N215"}},{"type":"Feature","geometry":{"type":"Polygon","coordinates":[[[-8.39357,40.84132],[-8.27799,40.86309],[-8.30416,40.95056],[-8.41989,40.92876],[-8.39357,40.84132]]]},"properties":{"etrs":"E278N216"}},{"type":"Feature","geometry":{"type":"Polygon","coordinates":[[[-8.41989,40.92876],[-8.30416,40.95056],[-8.33043,41.03801],[-8.44631,41.01617],[-8.41989,40.92876]]]},"properties":{"etrs":"E278N217"}},{"type":"Feature","geometry":{"type":"Polygon","coordinates":[[[-8.44631,41.01617],[-8.33043,41.03801],[-8.3568,41.12544],[-8.47283,41.10357],[-8.44631,41.01617]]]},"properties":{"etrs":"E278N218"}},{"type":"Feature","geometry":{"type":"Polygon","coordinates":[[[-8.47283,41.10357],[-8.3568,41.12544],[-8.38327,41.21285],[-8.49945,41.19094],[-8.47283,41.10357]]]},"properties":{"etrs":"E278N219"}},{"type":"Feature","geometry":{"type":"Polygon","coordinates":[[[-8.49945,41.19094],[-8.38327,41.21285],[-8.40984,41.30025],[-8.52617,41.2783],[-8.49945,41.19094]]]},"properties":{"etrs":"E278N220"}},{"type":"Feature","geometry":{"type":"Polygon","coordinates":[[[-8.52617,41.2783],[-8.40984,41.30025],[-8.43652,41.38762],[-8.553,41.36564],[-8.52617,41.2783]]]},"properties":{"etrs":"E278N221"}},{"type":"Feature","geometry":{"type":"Polygon","coordinates":[[[-8.553,41.36564],[-8.43652,41.38762],[-8.4633,41.47498],[-8.57993,41.45296],[-8.553,41.36564]]]},"properties":{"etrs":"E278N222"}},{"type":"Feature","geometry":{"type":"Polygon","coordinates":[[[-8.57993,41.45296],[-8.4633,41.47498],[-8.49018,41.56232],[-8.60696,41.54026],[-8.57993,41.45296]]]},"properties":{"etrs":"E278N223"}},{"type":"Feature","geometry":{"type":"Polygon","coordinates":[[[-8.60696,41.54026],[-8.49018,41.56232],[-8.51716,41.64964],[-8.6341,41.62755],[-8.60696,41.54026]]]},"properties":{"etrs":"E278N224"}},{"type":"Feature","geometry":{"type":"Polygon","coordinates":[[[-8.6341,41.62755],[-8.51716,41.64964],[-8.54425,41.73694],[-8.66134,41.71481],[-8.6341,41.62755]]]},"properties":{"etrs":"E278N225"}},{"type":"Feature","geometry":{"type":"Polygon","coordinates":[[[-8.66134,41.71481],[-8.54425,41.73694],[-8.57145,41.82422],[-8.68869,41.80206],[-8.66134,41.71481]]]},"properties":{"etrs":"E278N226"}},{"type":"Feature","geometry":{"type":"Polygon","coordinates":[[[-8.68869,41.80206],[-8.57145,41.82422],[-8.59875,41.91149],[-8.71614,41.88929],[-8.68869,41.80206]]]},"properties":{"etrs":"E278N227"}},{"type":"Feature","geometry":{"type":"Polygon","coordinates":[[[-8.71614,41.88929],[-8.59875,41.91149],[-8.62615,41.99873],[-8.7437,41.97649],[-8.71614,41.88929]]]},"properties":{"etrs":"E278N228"}},{"type":"Feature","geometry":{"type":"Polygon","coordinates":[[[-8.7437,41.97649],[-8.62615,41.99873],[-8.65367,42.08596],[-8.77137,42.06368],[-8.7437,41.97649]]]},"properties":{"etrs":"E278N229"}},{"type":"Feature","geometry":{"type":"Polygon","coordinates":[[[-7.39859,37.70184],[-7.28797,37.72229],[-7.31072,37.81046],[-7.42147,37.78998],[-7.39859,37.70184]]]},"properties":{"etrs":"E279N180"}},{"type":"Feature","geometry":{"type":"Polygon","coordinates":[[[-7.42147,37.78998],[-7.31072,37.81046],[-7.33354,37.89861],[-7.44443,37.8781],[-7.42147,37.78998]]]},"properties":{"etrs":"E279N181"}},{"type":"Feature","geometry":{"type":"Polygon","coordinates":[[[-7.44443,37.8781],[-7.33354,37.89861],[-7.35645,37.98674],[-7.46747,37.9662],[-7.44443,37.8781]]]},"properties":{"etrs":"E279N182"}},{"type":"Feature","geometry":{"type":"Polygon","coordinates":[[[-7.46747,37.9662],[-7.35645,37.98674],[-7.37945,38.07486],[-7.4906,38.05428],[-7.46747,37.9662]]]},"properties":{"etrs":"E279N183"}},{"type":"Feature","geometry":{"type":"Polygon","coordinates":[[[-7.4906,38.05428],[-7.37945,38.07486],[-7.40253,38.16295],[-7.51381,38.14235],[-7.4906,38.05428]]]},"properties":{"etrs":"E279N184"}},{"type":"Feature","geometry":{"type":"Polygon","coordinates":[[[-7.51381,38.14235],[-7.40253,38.16295],[-7.42569,38.25103],[-7.53711,38.23039],[-7.51381,38.14235]]]},"properties":{"etrs":"E279N185"}},{"type":"Feature","geometry":{"type":"Polygon","coordinates":[[[-7.53711,38.23039],[-7.42569,38.25103],[-7.44894,38.33909],[-7.56049,38.31842],[-7.53711,38.23039]]]},"properties":{"etrs":"E279N186"}},{"type":"Feature","geometry":{"type":"Polygon","coordinates":[[[-7.56049,38.31842],[-7.44894,38.33909],[-7.47228,38.42712],[-7.58397,38.40643],[-7.56049,38.31842]]]},"properties":{"etrs":"E279N187"}},{"type":"Feature","geometry":{"type":"Polygon","coordinates":[[[-7.58397,38.40643],[-7.47228,38.42712],[-7.4957,38.51515],[-7.60752,38.49442],[-7.58397,38.40643]]]},"properties":{"etrs":"E279N188"}},{"type":"Feature","geometry":{"type":"Polygon","coordinates":[[[-7.60752,38.49442],[-7.4957,38.51515],[-7.51921,38.60315],[-7.63117,38.58239],[-7.60752,38.49442]]]},"properties":{"etrs":"E279N189"}},{"type":"Feature","geometry":{"type":"Polygon","coordinates":[[[-7.63117,38.58239],[-7.51921,38.60315],[-7.54281,38.69113],[-7.6549,38.67034],[-7.63117,38.58239]]]},"properties":{"etrs":"E279N190"}},{"type":"Feature","geometry":{"type":"Polygon","coordinates":[[[-7.6549,38.67034],[-7.54281,38.69113],[-7.56649,38.7791],[-7.67872,38.75827],[-7.6549,38.67034]]]},"properties":{"etrs":"E279N191"}},{"type":"Feature","geometry":{"type":"Polygon","coordinates":[[[-7.67872,38.75827],[-7.56649,38.7791],[-7.59026,38.86704],[-7.70263,38.84618],[-7.67872,38.75827]]]},"properties":{"etrs":"E279N192"}},{"type":"Feature","geometry":{"type":"Polygon","coordinates":[[[-7.70263,38.84618],[-7.59026,38.86704],[-7.61412,38.95497],[-7.72663,38.93408],[-7.70263,38.84618]]]},"properties":{"etrs":"E279N193"}},{"type":"Feature","geometry":{"type":"Polygon","coordinates":[[[-7.72663,38.93408],[-7.61412,38.95497],[-7.63807,39.04288],[-7.75072,39.02196],[-7.72663,38.93408]]]},"properties":{"etrs":"E279N194"}},{"type":"Feature","geometry":{"type":"Polygon","coordinates":[[[-7.75072,39.02196],[-7.63807,39.04288],[-7.66211,39.13077],[-7.77489,39.10982],[-7.75072,39.02196]]]},"properties":{"etrs":"E279N195"}},{"type":"Feature","geometry":{"type":"Polygon","coordinates":[[[-7.77489,39.10982],[-7.66211,39.13077],[-7.68624,39.21864],[-7.79916,39.19766],[-7.77489,39.10982]]]},"properties":{"etrs":"E279N196"}},{"type":"Feature","geometry":{"type":"Polygon","coordinates":[[[-7.79916,39.19766],[-7.68624,39.21864],[-7.71046,39.3065],[-7.82352,39.28548],[-7.79916,39.19766]]]},"properties":{"etrs":"E279N197"}},{"type":"Feature","geometry":{"type":"Polygon","coordinates":[[[-7.82352,39.28548],[-7.71046,39.3065],[-7.73477,39.39433],[-7.84797,39.37328],[-7.82352,39.28548]]]},"properties":{"etrs":"E279N198"}},{"type":"Feature","geometry":{"type":"Polygon","coordinates":[[[-7.84797,39.37328],[-7.73477,39.39433],[-7.75917,39.48215],[-7.87251,39.46107],[-7.84797,39.37328]]]},"properties":{"etrs":"E279N199"}},{"type":"Feature","geometry":{"type":"Polygon","coordinates":[[[-7.87251,39.46107],[-7.75917,39.48215],[-7.78366,39.56995],[-7.89714,39.54883],[-7.87251,39.46107]]]},"properties":{"etrs":"E279N200"}},{"type":"Feature","geometry":{"type":"Polygon","coordinates":[[[-7.89714,39.54883],[-7.78366,39.56995],[-7.80824,39.65773],[-7.92187,39.63658],[-7.89714,39.54883]]]},"properties":{"etrs":"E279N201"}},{"type":"Feature","geometry":{"type":"Polygon","coordinates":[[[-7.92187,39.63658],[-7.80824,39.65773],[-7.83292,39.74549],[-7.94669,39.72431],[-7.92187,39.63658]]]},"properties":{"etrs":"E279N202"}},{"type":"Feature","geometry":{"type":"Polygon","coordinates":[[[-7.94669,39.72431],[-7.83292,39.74549],[-7.85769,39.83324],[-7.9716,39.81202],[-7.94669,39.72431]]]},"properties":{"etrs":"E279N203"}},{"type":"Feature","geometry":{"type":"Polygon","coordinates":[[[-7.9716,39.81202],[-7.85769,39.83324],[-7.88255,39.92096],[-7.9966,39.89971],[-7.9716,39.81202]]]},"properties":{"etrs":"E279N204"}},{"type":"Feature","geometry":{"type":"Polygon","coordinates":[[[-7.9966,39.89971],[-7.88255,39.92096],[-7.90751,40.00867],[-8.0217,39.98738],[-7.9966,39.89971]]]},"properties":{"etrs":"E279N205"}},{"type":"Feature","geometry":{"type":"Polygon","coordinates":[[[-8.0217,39.98738],[-7.90751,40.00867],[-7.93256,40.09636],[-8.0469,40.07504],[-8.0217,39.98738]]]},"properties":{"etrs":"E279N206"}},{"type":"Feature","geometry":{"type":"Polygon","coordinates":[[[-8.0469,40.07504],[-7.93256,40.09636],[-7.9577,40.18403],[-8.07219,40.16267],[-8.0469,40.07504]]]},"properties":{"etrs":"E279N207"}},{"type":"Feature","geometry":{"type":"Polygon","coordinates":[[[-8.07219,40.16267],[-7.9577,40.18403],[-7.98295,40.27168],[-8.09757,40.25029],[-8.07219,40.16267]]]},"properties":{"etrs":"E279N208"}},{"type":"Feature","geometry":{"type":"Polygon","coordinates":[[[-8.09757,40.25029],[-7.98295,40.27168],[-8.00828,40.35931],[-8.12305,40.33789],[-8.09757,40.25029]]]},"properties":{"etrs":"E279N209"}},{"type":"Feature","geometry":{"type":"Polygon","coordinates":[[[-8.12305,40.33789],[-8.00828,40.35931],[-8.03371,40.44692],[-8.14863,40.42547],[-8.12305,40.33789]]]},"properties":{"etrs":"E279N210"}},{"type":"Feature","geometry":{"type":"Polygon","coordinates":[[[-8.14863,40.42547],[-8.03371,40.44692],[-8.05924,40.53452],[-8.17431,40.51303],[-8.14863,40.42547]]]},"properties":{"etrs":"E279N211"}},{"type":"Feature","geometry":{"type":"Polygon","coordinates":[[[-8.17431,40.51303],[-8.05924,40.53452],[-8.08487,40.6221],[-8.20008,40.60057],[-8.17431,40.51303]]]},"properties":{"etrs":"E279N212"}},{"type":"Feature","geometry":{"type":"Polygon","coordinates":[[[-8.20008,40.60057],[-8.08487,40.6221],[-8.1106,40.70966],[-8.22595,40.6881],[-8.20008,40.60057]]]},"properties":{"etrs":"E279N213"}},{"type":"Feature","geometry":{"type":"Polygon","coordinates":[[[-8.22595,40.6881],[-8.1106,40.70966],[-8.13642,40.7972],[-8.25192,40.7756],[-8.22595,40.6881]]]},"properties":{"etrs":"E279N214"}},{"type":"Feature","geometry":{"type":"Polygon","coordinates":[[[-8.25192,40.7756],[-8.13642,40.7972],[-8.16234,40.88472],[-8.27799,40.86309],[-8.25192,40.7756]]]},"properties":{"etrs":"E279N215"}},{"type":"Feature","geometry":{"type":"Polygon","coordinates":[[[-8.27799,40.86309],[-8.16234,40.88472],[-8.18836,40.97222],[-8.30416,40.95056],[-8.27799,40.86309]]]},"properties":{"etrs":"E279N216"}},{"type":"Feature","geometry":{"type":"Polygon","coordinates":[[[-8.30416,40.95056],[-8.18836,40.97222],[-8.21448,41.05971],[-8.33043,41.03801],[-8.30416,40.95056]]]},"properties":{"etrs":"E279N217"}},{"type":"Feature","geometry":{"type":"Polygon","coordinates":[[[-8.33043,41.03801],[-8.21448,41.05971],[-8.2407,41.14718],[-8.3568,41.12544],[-8.33043,41.03801]]]},"properties":{"etrs":"E279N218"}},{"type":"Feature","geometry":{"type":"Polygon","coordinates":[[[-8.3568,41.12544],[-8.2407,41.14718],[-8.26702,41.23463],[-8.38327,41.21285],[-8.3568,41.12544]]]},"properties":{"etrs":"E279N219"}},{"type":"Feature","geometry":{"type":"Polygon","coordinates":[[[-8.38327,41.21285],[-8.26702,41.23463],[-8.29344,41.32206],[-8.40984,41.30025],[-8.38327,41.21285]]]},"properties":{"etrs":"E279N220"}},{"type":"Feature","geometry":{"type":"Polygon","coordinates":[[[-8.40984,41.30025],[-8.29344,41.32206],[-8.31997,41.40947],[-8.43652,41.38762],[-8.40984,41.30025]]]},"properties":{"etrs":"E279N221"}},{"type":"Feature","geometry":{"type":"Polygon","coordinates":[[[-8.43652,41.38762],[-8.31997,41.40947],[-8.3466,41.49686],[-8.4633,41.47498],[-8.43652,41.38762]]]},"properties":{"etrs":"E279N222"}},{"type":"Feature","geometry":{"type":"Polygon","coordinates":[[[-8.4633,41.47498],[-8.3466,41.49686],[-8.37332,41.58424],[-8.49018,41.56232],[-8.4633,41.47498]]]},"properties":{"etrs":"E279N223"}},{"type":"Feature","geometry":{"type":"Polygon","coordinates":[[[-8.49018,41.56232],[-8.37332,41.58424],[-8.40016,41.67159],[-8.51716,41.64964],[-8.49018,41.56232]]]},"properties":{"etrs":"E279N224"}},{"type":"Feature","geometry":{"type":"Polygon","coordinates":[[[-8.51716,41.64964],[-8.40016,41.67159],[-8.42709,41.75893],[-8.54425,41.73694],[-8.51716,41.64964]]]},"properties":{"etrs":"E279N225"}},{"type":"Feature","geometry":{"type":"Polygon","coordinates":[[[-8.54425,41.73694],[-8.42709,41.75893],[-8.45413,41.84625],[-8.57145,41.82422],[-8.54425,41.73694]]]},"properties":{"etrs":"E279N226"}},{"type":"Feature","geometry":{"type":"Polygon","coordinates":[[[-8.57145,41.82422],[-8.45413,41.84625],[-8.48128,41.93355],[-8.59875,41.91149],[-8.57145,41.82422]]]},"properties":{"etrs":"E279N227"}},{"type":"Feature","geometry":{"type":"Polygon","coordinates":[[[-8.59875,41.91149],[-8.48128,41.93355],[-8.50853,42.02083],[-8.62615,41.99873],[-8.59875,41.91149]]]},"properties":{"etrs":"E279N228"}},{"type":"Feature","geometry":{"type":"Polygon","coordinates":[[[-8.62615,41.99873],[-8.50853,42.02083],[-8.53589,42.1081],[-8.65367,42.08596],[-8.62615,41.99873]]]},"properties":{"etrs":"E279N229"}},{"type":"Feature","geometry":{"type":"Polygon","coordinates":[[[-7.31072,37.81046],[-7.19991,37.83081],[-7.2226,37.91899],[-7.33354,37.89861],[-7.31072,37.81046]]]},"properties":{"etrs":"E280N181"}},{"type":"Feature","geometry":{"type":"Polygon","coordinates":[[[-7.33354,37.89861],[-7.2226,37.91899],[-7.24538,38.00716],[-7.35645,37.98674],[-7.33354,37.89861]]]},"properties":{"etrs":"E280N182"}},{"type":"Feature","geometry":{"type":"Polygon","coordinates":[[[-7.35645,37.98674],[-7.24538,38.00716],[-7.26824,38.0953],[-7.37945,38.07486],[-7.35645,37.98674]]]},"properties":{"etrs":"E280N183"}},{"type":"Feature","geometry":{"type":"Polygon","coordinates":[[[-7.37945,38.07486],[-7.26824,38.0953],[-7.29119,38.18343],[-7.40253,38.16295],[-7.37945,38.07486]]]},"properties":{"etrs":"E280N184"}},{"type":"Feature","geometry":{"type":"Polygon","coordinates":[[[-7.40253,38.16295],[-7.29119,38.18343],[-7.31422,38.27153],[-7.42569,38.25103],[-7.40253,38.16295]]]},"properties":{"etrs":"E280N185"}},{"type":"Feature","geometry":{"type":"Polygon","coordinates":[[[-7.42569,38.25103],[-7.31422,38.27153],[-7.33733,38.35962],[-7.44894,38.33909],[-7.42569,38.25103]]]},"properties":{"etrs":"E280N186"}},{"type":"Feature","geometry":{"type":"Polygon","coordinates":[[[-7.44894,38.33909],[-7.33733,38.35962],[-7.36053,38.44769],[-7.47228,38.42712],[-7.44894,38.33909]]]},"properties":{"etrs":"E280N187"}},{"type":"Feature","geometry":{"type":"Polygon","coordinates":[[[-7.47228,38.42712],[-7.36053,38.44769],[-7.38382,38.53575],[-7.4957,38.51515],[-7.47228,38.42712]]]},"properties":{"etrs":"E280N188"}},{"type":"Feature","geometry":{"type":"Polygon","coordinates":[[[-7.4957,38.51515],[-7.38382,38.53575],[-7.40719,38.62378],[-7.51921,38.60315],[-7.4957,38.51515]]]},"properties":{"etrs":"E280N189"}},{"type":"Feature","geometry":{"type":"Polygon","coordinates":[[[-7.51921,38.60315],[-7.40719,38.62378],[-7.43065,38.71179],[-7.54281,38.69113],[-7.51921,38.60315]]]},"properties":{"etrs":"E280N190"}},{"type":"Feature","geometry":{"type":"Polygon","coordinates":[[[-7.54281,38.69113],[-7.43065,38.71179],[-7.4542,38.79979],[-7.56649,38.7791],[-7.54281,38.69113]]]},"properties":{"etrs":"E280N191"}},{"type":"Feature","geometry":{"type":"Polygon","coordinates":[[[-7.56649,38.7791],[-7.4542,38.79979],[-7.47783,38.88777],[-7.59026,38.86704],[-7.56649,38.7791]]]},"properties":{"etrs":"E280N192"}},{"type":"Feature","geometry":{"type":"Polygon","coordinates":[[[-7.59026,38.86704],[-7.47783,38.88777],[-7.50156,38.97573],[-7.61412,38.95497],[-7.59026,38.86704]]]},"properties":{"etrs":"E280N193"}},{"type":"Feature","geometry":{"type":"Polygon","coordinates":[[[-7.61412,38.95497],[-7.50156,38.97573],[-7.52537,39.06367],[-7.63807,39.04288],[-7.61412,38.95497]]]},"properties":{"etrs":"E280N194"}},{"type":"Feature","geometry":{"type":"Polygon","coordinates":[[[-7.63807,39.04288],[-7.52537,39.06367],[-7.54927,39.15159],[-7.66211,39.13077],[-7.63807,39.04288]]]},"properties":{"etrs":"E280N195"}},{"type":"Feature","geometry":{"type":"Polygon","coordinates":[[[-7.66211,39.13077],[-7.54927,39.15159],[-7.57326,39.2395],[-7.68624,39.21864],[-7.66211,39.13077]]]},"properties":{"etrs":"E280N196"}},{"type":"Feature","geometry":{"type":"Polygon","coordinates":[[[-7.68624,39.21864],[-7.57326,39.2395],[-7.59733,39.32739],[-7.71046,39.3065],[-7.68624,39.21864]]]},"properties":{"etrs":"E280N197"}},{"type":"Feature","geometry":{"type":"Polygon","coordinates":[[[-7.71046,39.3065],[-7.59733,39.32739],[-7.6215,39.41526],[-7.73477,39.39433],[-7.71046,39.3065]]]},"properties":{"etrs":"E280N198"}},{"type":"Feature","geometry":{"type":"Polygon","coordinates":[[[-7.73477,39.39433],[-7.6215,39.41526],[-7.64576,39.50311],[-7.75917,39.48215],[-7.73477,39.39433]]]},"properties":{"etrs":"E280N199"}},{"type":"Feature","geometry":{"type":"Polygon","coordinates":[[[-7.75917,39.48215],[-7.64576,39.50311],[-7.67011,39.59094],[-7.78366,39.56995],[-7.75917,39.48215]]]},"properties":{"etrs":"E280N200"}},{"type":"Feature","geometry":{"type":"Polygon","coordinates":[[[-7.78366,39.56995],[-7.67011,39.59094],[-7.69456,39.67875],[-7.80824,39.65773],[-7.78366,39.56995]]]},"properties":{"etrs":"E280N201"}},{"type":"Feature","geometry":{"type":"Polygon","coordinates":[[[-7.80824,39.65773],[-7.69456,39.67875],[-7.71909,39.76655],[-7.83292,39.74549],[-7.80824,39.65773]]]},"properties":{"etrs":"E280N202"}},{"type":"Feature","geometry":{"type":"Polygon","coordinates":[[[-7.83292,39.74549],[-7.71909,39.76655],[-7.74372,39.85432],[-7.85769,39.83324],[-7.83292,39.74549]]]},"properties":{"etrs":"E280N203"}},{"type":"Feature","geometry":{"type":"Polygon","coordinates":[[[-7.85769,39.83324],[-7.74372,39.85432],[-7.76844,39.94208],[-7.88255,39.92096],[-7.85769,39.83324]]]},"properties":{"etrs":"E280N204"}},{"type":"Feature","geometry":{"type":"Polygon","coordinates":[[[-7.88255,39.92096],[-7.76844,39.94208],[-7.79325,40.02982],[-7.90751,40.00867],[-7.88255,39.92096]]]},"properties":{"etrs":"E280N205"}},{"type":"Feature","geometry":{"type":"Polygon","coordinates":[[[-7.90751,40.00867],[-7.79325,40.02982],[-7.81816,40.11754],[-7.93256,40.09636],[-7.90751,40.00867]]]},"properties":{"etrs":"E280N206"}},{"type":"Feature","geometry":{"type":"Polygon","coordinates":[[[-7.93256,40.09636],[-7.81816,40.11754],[-7.84316,40.20525],[-7.9577,40.18403],[-7.93256,40.09636]]]},"properties":{"etrs":"E280N207"}},{"type":"Feature","geometry":{"type":"Polygon","coordinates":[[[-7.9577,40.18403],[-7.84316,40.20525],[-7.86825,40.29293],[-7.98295,40.27168],[-7.9577,40.18403]]]},"properties":{"etrs":"E280N208"}},{"type":"Feature","geometry":{"type":"Polygon","coordinates":[[[-7.98295,40.27168],[-7.86825,40.29293],[-7.89344,40.3806],[-8.00828,40.35931],[-7.98295,40.27168]]]},"properties":{"etrs":"E280N209"}},{"type":"Feature","geometry":{"type":"Polygon","coordinates":[[[-8.00828,40.35931],[-7.89344,40.3806],[-7.91873,40.46825],[-8.03371,40.44692],[-8.00828,40.35931]]]},"properties":{"etrs":"E280N210"}},{"type":"Feature","geometry":{"type":"Polygon","coordinates":[[[-8.03371,40.44692],[-7.91873,40.46825],[-7.94411,40.55588],[-8.05924,40.53452],[-8.03371,40.44692]]]},"properties":{"etrs":"E280N211"}},{"type":"Feature","geometry":{"type":"Polygon","coordinates":[[[-8.05924,40.53452],[-7.94411,40.55588],[-7.96959,40.64349],[-8.08487,40.6221],[-8.05924,40.53452]]]},"properties":{"etrs":"E280N212"}},{"type":"Feature","geometry":{"type":"Polygon","coordinates":[[[-8.08487,40.6221],[-7.96959,40.64349],[-7.99517,40.73108],[-8.1106,40.70966],[-8.08487,40.6221]]]},"properties":{"etrs":"E280N213"}},{"type":"Feature","geometry":{"type":"Polygon","coordinates":[[[-8.1106,40.70966],[-7.99517,40.73108],[-8.02084,40.81866],[-8.13642,40.7972],[-8.1106,40.70966]]]},"properties":{"etrs":"E280N214"}},{"type":"Feature","geometry":{"type":"Polygon","coordinates":[[[-8.13642,40.7972],[-8.02084,40.81866],[-8.04662,40.90622],[-8.16234,40.88472],[-8.13642,40.7972]]]},"properties":{"etrs":"E280N215"}},{"type":"Feature","geometry":{"type":"Polygon","coordinates":[[[-8.16234,40.88472],[-8.04662,40.90622],[-8.07249,40.99376],[-8.18836,40.97222],[-8.16234,40.88472]]]},"properties":{"etrs":"E280N216"}},{"type":"Feature","geometry":{"type":"Polygon","coordinates":[[[-8.18836,40.97222],[-8.07249,40.99376],[-8.09846,41.08128],[-8.21448,41.05971],[-8.18836,40.97222]]]},"properties":{"etrs":"E280N217"}},{"type":"Feature","geometry":{"type":"Polygon","coordinates":[[[-8.21448,41.05971],[-8.09846,41.08128],[-8.12453,41.16878],[-8.2407,41.14718],[-8.21448,41.05971]]]},"properties":{"etrs":"E280N218"}},{"type":"Feature","geometry":{"type":"Polygon","coordinates":[[[-8.2407,41.14718],[-8.12453,41.16878],[-8.1507,41.25626],[-8.26702,41.23463],[-8.2407,41.14718]]]},"properties":{"etrs":"E280N219"}},{"type":"Feature","geometry":{"type":"Polygon","coordinates":[[[-8.26702,41.23463],[-8.1507,41.25626],[-8.17697,41.34373],[-8.29344,41.32206],[-8.26702,41.23463]]]},"properties":{"etrs":"E280N220"}},{"type":"Feature","geometry":{"type":"Polygon","coordinates":[[[-8.29344,41.32206],[-8.17697,41.34373],[-8.20335,41.43118],[-8.31997,41.40947],[-8.29344,41.32206]]]},"properties":{"etrs":"E280N221"}},{"type":"Feature","geometry":{"type":"Polygon","coordinates":[[[-8.31997,41.40947],[-8.20335,41.43118],[-8.22982,41.51861],[-8.3466,41.49686],[-8.31997,41.40947]]]},"properties":{"etrs":"E280N222"}},{"type":"Feature","geometry":{"type":"Polygon","coordinates":[[[-8.3466,41.49686],[-8.22982,41.51861],[-8.2564,41.60602],[-8.37332,41.58424],[-8.3466,41.49686]]]},"properties":{"etrs":"E280N223"}},{"type":"Feature","geometry":{"type":"Polygon","coordinates":[[[-8.37332,41.58424],[-8.2564,41.60602],[-8.28308,41.69341],[-8.40016,41.67159],[-8.37332,41.58424]]]},"properties":{"etrs":"E280N224"}},{"type":"Feature","geometry":{"type":"Polygon","coordinates":[[[-8.40016,41.67159],[-8.28308,41.69341],[-8.30986,41.78078],[-8.42709,41.75893],[-8.40016,41.67159]]]},"properties":{"etrs":"E280N225"}},{"type":"Feature","geometry":{"type":"Polygon","coordinates":[[[-8.42709,41.75893],[-8.30986,41.78078],[-8.33675,41.86814],[-8.45413,41.84625],[-8.42709,41.75893]]]},"properties":{"etrs":"E280N226"}},{"type":"Feature","geometry":{"type":"Polygon","coordinates":[[[-8.45413,41.84625],[-8.33675,41.86814],[-8.36374,41.95548],[-8.48128,41.93355],[-8.45413,41.84625]]]},"properties":{"etrs":"E280N227"}},{"type":"Feature","geometry":{"type":"Polygon","coordinates":[[[-8.48128,41.93355],[-8.36374,41.95548],[-8.39083,42.0428],[-8.50853,42.02083],[-8.48128,41.93355]]]},"properties":{"etrs":"E280N228"}},{"type":"Feature","geometry":{"type":"Polygon","coordinates":[[[-8.50853,42.02083],[-8.39083,42.0428],[-8.41804,42.1301],[-8.53589,42.1081],[-8.50853,42.02083]]]},"properties":{"etrs":"E280N229"}},{"type":"Feature","geometry":{"type":"Polygon","coordinates":[[[-7.24538,38.00716],[-7.13425,38.02744],[-7.15698,38.11561],[-7.26824,38.0953],[-7.24538,38.00716]]]},"properties":{"etrs":"E281N183"}},{"type":"Feature","geometry":{"type":"Polygon","coordinates":[[[-7.26824,38.0953],[-7.15698,38.11561],[-7.17979,38.20377],[-7.29119,38.18343],[-7.26824,38.0953]]]},"properties":{"etrs":"E281N184"}},{"type":"Feature","geometry":{"type":"Polygon","coordinates":[[[-7.29119,38.18343],[-7.17979,38.20377],[-7.20268,38.29191],[-7.31422,38.27153],[-7.29119,38.18343]]]},"properties":{"etrs":"E281N185"}},{"type":"Feature","geometry":{"type":"Polygon","coordinates":[[[-7.31422,38.27153],[-7.20268,38.29191],[-7.22566,38.38003],[-7.33733,38.35962],[-7.31422,38.27153]]]},"properties":{"etrs":"E281N186"}},{"type":"Feature","geometry":{"type":"Polygon","coordinates":[[[-7.33733,38.35962],[-7.22566,38.38003],[-7.24873,38.46813],[-7.36053,38.44769],[-7.33733,38.35962]]]},"properties":{"etrs":"E281N187"}},{"type":"Feature","geometry":{"type":"Polygon","coordinates":[[[-7.36053,38.44769],[-7.24873,38.46813],[-7.27188,38.55621],[-7.38382,38.53575],[-7.36053,38.44769]]]},"properties":{"etrs":"E281N188"}},{"type":"Feature","geometry":{"type":"Polygon","coordinates":[[[-7.38382,38.53575],[-7.27188,38.55621],[-7.29512,38.64428],[-7.40719,38.62378],[-7.38382,38.53575]]]},"properties":{"etrs":"E281N189"}},{"type":"Feature","geometry":{"type":"Polygon","coordinates":[[[-7.40719,38.62378],[-7.29512,38.64428],[-7.31844,38.73233],[-7.43065,38.71179],[-7.40719,38.62378]]]},"properties":{"etrs":"E281N190"}},{"type":"Feature","geometry":{"type":"Polygon","coordinates":[[[-7.43065,38.71179],[-7.31844,38.73233],[-7.34185,38.82036],[-7.4542,38.79979],[-7.43065,38.71179]]]},"properties":{"etrs":"E281N191"}},{"type":"Feature","geometry":{"type":"Polygon","coordinates":[[[-7.4542,38.79979],[-7.34185,38.82036],[-7.36534,38.90837],[-7.47783,38.88777],[-7.4542,38.79979]]]},"properties":{"etrs":"E281N192"}},{"type":"Feature","geometry":{"type":"Polygon","coordinates":[[[-7.47783,38.88777],[-7.36534,38.90837],[-7.38893,38.99636],[-7.50156,38.97573],[-7.47783,38.88777]]]},"properties":{"etrs":"E281N193"}},{"type":"Feature","geometry":{"type":"Polygon","coordinates":[[[-7.50156,38.97573],[-7.38893,38.99636],[-7.4126,39.08433],[-7.52537,39.06367],[-7.50156,38.97573]]]},"properties":{"etrs":"E281N194"}},{"type":"Feature","geometry":{"type":"Polygon","coordinates":[[[-7.52537,39.06367],[-7.4126,39.08433],[-7.43636,39.17229],[-7.54927,39.15159],[-7.52537,39.06367]]]},"properties":{"etrs":"E281N195"}},{"type":"Feature","geometry":{"type":"Polygon","coordinates":[[[-7.54927,39.15159],[-7.43636,39.17229],[-7.46021,39.26022],[-7.57326,39.2395],[-7.54927,39.15159]]]},"properties":{"etrs":"E281N196"}},{"type":"Feature","geometry":{"type":"Polygon","coordinates":[[[-7.57326,39.2395],[-7.46021,39.26022],[-7.48415,39.34814],[-7.59733,39.32739],[-7.57326,39.2395]]]},"properties":{"etrs":"E281N197"}},{"type":"Feature","geometry":{"type":"Polygon","coordinates":[[[-7.59733,39.32739],[-7.48415,39.34814],[-7.50818,39.43604],[-7.6215,39.41526],[-7.59733,39.32739]]]},"properties":{"etrs":"E281N198"}},{"type":"Feature","geometry":{"type":"Polygon","coordinates":[[[-7.6215,39.41526],[-7.50818,39.43604],[-7.53229,39.52393],[-7.64576,39.50311],[-7.6215,39.41526]]]},"properties":{"etrs":"E281N199"}},{"type":"Feature","geometry":{"type":"Polygon","coordinates":[[[-7.64576,39.50311],[-7.53229,39.52393],[-7.5565,39.61179],[-7.67011,39.59094],[-7.64576,39.50311]]]},"properties":{"etrs":"E281N200"}},{"type":"Feature","geometry":{"type":"Polygon","coordinates":[[[-7.67011,39.59094],[-7.5565,39.61179],[-7.5808,39.69964],[-7.69456,39.67875],[-7.67011,39.59094]]]},"properties":{"etrs":"E281N201"}},{"type":"Feature","geometry":{"type":"Polygon","coordinates":[[[-7.69456,39.67875],[-7.5808,39.69964],[-7.6052,39.78747],[-7.71909,39.76655],[-7.69456,39.67875]]]},"properties":{"etrs":"E281N202"}},{"type":"Feature","geometry":{"type":"Polygon","coordinates":[[[-7.71909,39.76655],[-7.6052,39.78747],[-7.62968,39.87528],[-7.74372,39.85432],[-7.71909,39.76655]]]},"properties":{"etrs":"E281N203"}},{"type":"Feature","geometry":{"type":"Polygon","coordinates":[[[-7.74372,39.85432],[-7.62968,39.87528],[-7.65426,39.96307],[-7.76844,39.94208],[-7.74372,39.85432]]]},"properties":{"etrs":"E281N204"}},{"type":"Feature","geometry":{"type":"Polygon","coordinates":[[[-7.76844,39.94208],[-7.65426,39.96307],[-7.67892,40.05084],[-7.79325,40.02982],[-7.76844,39.94208]]]},"properties":{"etrs":"E281N205"}},{"type":"Feature","geometry":{"type":"Polygon","coordinates":[[[-7.79325,40.02982],[-7.67892,40.05084],[-7.70369,40.1386],[-7.81816,40.11754],[-7.79325,40.02982]]]},"properties":{"etrs":"E281N206"}},{"type":"Feature","geometry":{"type":"Polygon","coordinates":[[[-7.81816,40.11754],[-7.70369,40.1386],[-7.72854,40.22634],[-7.84316,40.20525],[-7.81816,40.11754]]]},"properties":{"etrs":"E281N207"}},{"type":"Feature","geometry":{"type":"Polygon","coordinates":[[[-7.84316,40.20525],[-7.72854,40.22634],[-7.75349,40.31405],[-7.86825,40.29293],[-7.84316,40.20525]]]},"properties":{"etrs":"E281N208"}},{"type":"Feature","geometry":{"type":"Polygon","coordinates":[[[-7.86825,40.29293],[-7.75349,40.31405],[-7.77854,40.40176],[-7.89344,40.3806],[-7.86825,40.29293]]]},"properties":{"etrs":"E281N209"}},{"type":"Feature","geometry":{"type":"Polygon","coordinates":[[[-7.89344,40.3806],[-7.77854,40.40176],[-7.80368,40.48944],[-7.91873,40.46825],[-7.89344,40.3806]]]},"properties":{"etrs":"E281N210"}},{"type":"Feature","geometry":{"type":"Polygon","coordinates":[[[-7.91873,40.46825],[-7.80368,40.48944],[-7.82891,40.5771],[-7.94411,40.55588],[-7.91873,40.46825]]]},"properties":{"etrs":"E281N211"}},{"type":"Feature","geometry":{"type":"Polygon","coordinates":[[[-7.94411,40.55588],[-7.82891,40.5771],[-7.85425,40.66475],[-7.96959,40.64349],[-7.94411,40.55588]]]},"properties":{"etrs":"E281N212"}},{"type":"Feature","geometry":{"type":"Polygon","coordinates":[[[-7.96959,40.64349],[-7.85425,40.66475],[-7.87968,40.75238],[-7.99517,40.73108],[-7.96959,40.64349]]]},"properties":{"etrs":"E281N213"}},{"type":"Feature","geometry":{"type":"Polygon","coordinates":[[[-7.99517,40.73108],[-7.87968,40.75238],[-7.9052,40.83999],[-8.02084,40.81866],[-7.99517,40.73108]]]},"properties":{"etrs":"E281N214"}},{"type":"Feature","geometry":{"type":"Polygon","coordinates":[[[-8.02084,40.81866],[-7.9052,40.83999],[-7.93083,40.92758],[-8.04662,40.90622],[-8.02084,40.81866]]]},"properties":{"etrs":"E281N215"}},{"type":"Feature","geometry":{"type":"Polygon","coordinates":[[[-8.04662,40.90622],[-7.93083,40.92758],[-7.95655,41.01515],[-8.07249,40.99376],[-8.04662,40.90622]]]},"properties":{"etrs":"E281N216"}},{"type":"Feature","geometry":{"type":"Polygon","coordinates":[[[-8.07249,40.99376],[-7.95655,41.01515],[-7.98237,41.10271],[-8.09846,41.08128],[-8.07249,40.99376]]]},"properties":{"etrs":"E281N217"}},{"type":"Feature","geometry":{"type":"Polygon","coordinates":[[[-8.09846,41.08128],[-7.98237,41.10271],[-8.00829,41.19025],[-8.12453,41.16878],[-8.09846,41.08128]]]},"properties":{"etrs":"E281N218"}},{"type":"Feature","geometry":{"type":"Polygon","coordinates":[[[-8.12453,41.16878],[-8.00829,41.19025],[-8.03431,41.27777],[-8.1507,41.25626],[-8.12453,41.16878]]]},"properties":{"etrs":"E281N219"}},{"type":"Feature","geometry":{"type":"Polygon","coordinates":[[[-8.1507,41.25626],[-8.03431,41.27777],[-8.06043,41.36527],[-8.17697,41.34373],[-8.1507,41.25626]]]},"properties":{"etrs":"E281N220"}},{"type":"Feature","geometry":{"type":"Polygon","coordinates":[[[-8.17697,41.34373],[-8.06043,41.36527],[-8.08665,41.45275],[-8.20335,41.43118],[-8.17697,41.34373]]]},"properties":{"etrs":"E281N221"}},{"type":"Feature","geometry":{"type":"Polygon","coordinates":[[[-8.20335,41.43118],[-8.08665,41.45275],[-8.11297,41.54021],[-8.22982,41.51861],[-8.20335,41.43118]]]},"properties":{"etrs":"E281N222"}},{"type":"Feature","geometry":{"type":"Polygon","coordinates":[[[-8.22982,41.51861],[-8.11297,41.54021],[-8.1394,41.62766],[-8.2564,41.60602],[-8.22982,41.51861]]]},"properties":{"etrs":"E281N223"}},{"type":"Feature","geometry":{"type":"Polygon","coordinates":[[[-8.2564,41.60602],[-8.1394,41.62766],[-8.16592,41.71509],[-8.28308,41.69341],[-8.2564,41.60602]]]},"properties":{"etrs":"E281N224"}},{"type":"Feature","geometry":{"type":"Polygon","coordinates":[[[-8.28308,41.69341],[-8.16592,41.71509],[-8.19255,41.8025],[-8.30986,41.78078],[-8.28308,41.69341]]]},"properties":{"etrs":"E281N225"}},{"type":"Feature","geometry":{"type":"Polygon","coordinates":[[[-8.30986,41.78078],[-8.19255,41.8025],[-8.21929,41.88989],[-8.33675,41.86814],[-8.30986,41.78078]]]},"properties":{"etrs":"E281N226"}},{"type":"Feature","geometry":{"type":"Polygon","coordinates":[[[-8.33675,41.86814],[-8.21929,41.88989],[-8.24612,41.97727],[-8.36374,41.95548],[-8.33675,41.86814]]]},"properties":{"etrs":"E281N227"}},{"type":"Feature","geometry":{"type":"Polygon","coordinates":[[[-8.36374,41.95548],[-8.24612,41.97727],[-8.27306,42.06462],[-8.39083,42.0428],[-8.36374,41.95548]]]},"properties":{"etrs":"E281N228"}},{"type":"Feature","geometry":{"type":"Polygon","coordinates":[[[-8.39083,42.0428],[-8.27306,42.06462],[-8.30011,42.15196],[-8.41804,42.1301],[-8.39083,42.0428]]]},"properties":{"etrs":"E281N229"}},{"type":"Feature","geometry":{"type":"Polygon","coordinates":[[[-7.13425,38.02744],[-7.02306,38.04759],[-7.04565,38.1358],[-7.15698,38.11561],[-7.13425,38.02744]]]},"properties":{"etrs":"E282N183"}},{"type":"Feature","geometry":{"type":"Polygon","coordinates":[[[-7.15698,38.11561],[-7.04565,38.1358],[-7.06833,38.22399],[-7.17979,38.20377],[-7.15698,38.11561]]]},"properties":{"etrs":"E282N184"}},{"type":"Feature","geometry":{"type":"Polygon","coordinates":[[[-7.17979,38.20377],[-7.06833,38.22399],[-7.09109,38.31216],[-7.20268,38.29191],[-7.17979,38.20377]]]},"properties":{"etrs":"E282N185"}},{"type":"Feature","geometry":{"type":"Polygon","coordinates":[[[-7.27188,38.55621],[-7.15988,38.57655],[-7.18298,38.66465],[-7.29512,38.64428],[-7.27188,38.55621]]]},"properties":{"etrs":"E282N189"}},{"type":"Feature","geometry":{"type":"Polygon","coordinates":[[[-7.29512,38.64428],[-7.18298,38.66465],[-7.20616,38.75273],[-7.31844,38.73233],[-7.29512,38.64428]]]},"properties":{"etrs":"E282N190"}},{"type":"Feature","geometry":{"type":"Polygon","coordinates":[[[-7.31844,38.73233],[-7.20616,38.75273],[-7.22944,38.84079],[-7.34185,38.82036],[-7.31844,38.73233]]]},"properties":{"etrs":"E282N191"}},{"type":"Feature","geometry":{"type":"Polygon","coordinates":[[[-7.34185,38.82036],[-7.22944,38.84079],[-7.25279,38.92883],[-7.36534,38.90837],[-7.34185,38.82036]]]},"properties":{"etrs":"E282N192"}},{"type":"Feature","geometry":{"type":"Polygon","coordinates":[[[-7.36534,38.90837],[-7.25279,38.92883],[-7.27624,39.01685],[-7.38893,38.99636],[-7.36534,38.90837]]]},"properties":{"etrs":"E282N193"}},{"type":"Feature","geometry":{"type":"Polygon","coordinates":[[[-7.38893,38.99636],[-7.27624,39.01685],[-7.29977,39.10486],[-7.4126,39.08433],[-7.38893,38.99636]]]},"properties":{"etrs":"E282N194"}},{"type":"Feature","geometry":{"type":"Polygon","coordinates":[[[-7.4126,39.08433],[-7.29977,39.10486],[-7.32339,39.19285],[-7.43636,39.17229],[-7.4126,39.08433]]]},"properties":{"etrs":"E282N195"}},{"type":"Feature","geometry":{"type":"Polygon","coordinates":[[[-7.43636,39.17229],[-7.32339,39.19285],[-7.3471,39.28082],[-7.46021,39.26022],[-7.43636,39.17229]]]},"properties":{"etrs":"E282N196"}},{"type":"Feature","geometry":{"type":"Polygon","coordinates":[[[-7.46021,39.26022],[-7.3471,39.28082],[-7.3709,39.36877],[-7.48415,39.34814],[-7.46021,39.26022]]]},"properties":{"etrs":"E282N197"}},{"type":"Feature","geometry":{"type":"Polygon","coordinates":[[[-7.48415,39.34814],[-7.3709,39.36877],[-7.39479,39.4567],[-7.50818,39.43604],[-7.48415,39.34814]]]},"properties":{"etrs":"E282N198"}},{"type":"Feature","geometry":{"type":"Polygon","coordinates":[[[-7.50818,39.43604],[-7.39479,39.4567],[-7.41876,39.54462],[-7.53229,39.52393],[-7.50818,39.43604]]]},"properties":{"etrs":"E282N199"}},{"type":"Feature","geometry":{"type":"Polygon","coordinates":[[[-7.53229,39.52393],[-7.41876,39.54462],[-7.44283,39.63251],[-7.5565,39.61179],[-7.53229,39.52393]]]},"properties":{"etrs":"E282N200"}},{"type":"Feature","geometry":{"type":"Polygon","coordinates":[[[-7.5565,39.61179],[-7.44283,39.63251],[-7.46699,39.72039],[-7.5808,39.69964],[-7.5565,39.61179]]]},"properties":{"etrs":"E282N201"}},{"type":"Feature","geometry":{"type":"Polygon","coordinates":[[[-7.5808,39.69964],[-7.46699,39.72039],[-7.49124,39.80825],[-7.6052,39.78747],[-7.5808,39.69964]]]},"properties":{"etrs":"E282N202"}},{"type":"Feature","geometry":{"type":"Polygon","coordinates":[[[-7.6052,39.78747],[-7.49124,39.80825],[-7.51558,39.8961],[-7.62968,39.87528],[-7.6052,39.78747]]]},"properties":{"etrs":"E282N203"}},{"type":"Feature","geometry":{"type":"Polygon","coordinates":[[[-7.62968,39.87528],[-7.51558,39.8961],[-7.54001,39.98392],[-7.65426,39.96307],[-7.62968,39.87528]]]},"properties":{"etrs":"E282N204"}},{"type":"Feature","geometry":{"type":"Polygon","coordinates":[[[-7.65426,39.96307],[-7.54001,39.98392],[-7.56453,40.07173],[-7.67892,40.05084],[-7.65426,39.96307]]]},"properties":{"etrs":"E282N205"}},{"type":"Feature","geometry":{"type":"Polygon","coordinates":[[[-7.67892,40.05084],[-7.56453,40.07173],[-7.58915,40.15952],[-7.70369,40.1386],[-7.67892,40.05084]]]},"properties":{"etrs":"E282N206"}},{"type":"Feature","geometry":{"type":"Polygon","coordinates":[[[-7.70369,40.1386],[-7.58915,40.15952],[-7.61386,40.24729],[-7.72854,40.22634],[-7.70369,40.1386]]]},"properties":{"etrs":"E282N207"}},{"type":"Feature","geometry":{"type":"Polygon","coordinates":[[[-7.72854,40.22634],[-7.61386,40.24729],[-7.63867,40.33504],[-7.75349,40.31405],[-7.72854,40.22634]]]},"properties":{"etrs":"E282N208"}},{"type":"Feature","geometry":{"type":"Polygon","coordinates":[[[-7.75349,40.31405],[-7.63867,40.33504],[-7.66357,40.42278],[-7.77854,40.40176],[-7.75349,40.31405]]]},"properties":{"etrs":"E282N209"}},{"type":"Feature","geometry":{"type":"Polygon","coordinates":[[[-7.77854,40.40176],[-7.66357,40.42278],[-7.68856,40.51049],[-7.80368,40.48944],[-7.77854,40.40176]]]},"properties":{"etrs":"E282N210"}},{"type":"Feature","geometry":{"type":"Polygon","coordinates":[[[-7.80368,40.48944],[-7.68856,40.51049],[-7.71365,40.59819],[-7.82891,40.5771],[-7.80368,40.48944]]]},"properties":{"etrs":"E282N211"}},{"type":"Feature","geometry":{"type":"Polygon","coordinates":[[[-7.82891,40.5771],[-7.71365,40.59819],[-7.73883,40.68587],[-7.85425,40.66475],[-7.82891,40.5771]]]},"properties":{"etrs":"E282N212"}},{"type":"Feature","geometry":{"type":"Polygon","coordinates":[[[-7.85425,40.66475],[-7.73883,40.68587],[-7.76411,40.77354],[-7.87968,40.75238],[-7.85425,40.66475]]]},"properties":{"etrs":"E282N213"}},{"type":"Feature","geometry":{"type":"Polygon","coordinates":[[[-7.87968,40.75238],[-7.76411,40.77354],[-7.78949,40.86118],[-7.9052,40.83999],[-7.87968,40.75238]]]},"properties":{"etrs":"E282N214"}},{"type":"Feature","geometry":{"type":"Polygon","coordinates":[[[-7.9052,40.83999],[-7.78949,40.86118],[-7.81497,40.94881],[-7.93083,40.92758],[-7.9052,40.83999]]]},"properties":{"etrs":"E282N215"}},{"type":"Feature","geometry":{"type":"Polygon","coordinates":[[[-7.93083,40.92758],[-7.81497,40.94881],[-7.84054,41.03642],[-7.95655,41.01515],[-7.93083,40.92758]]]},"properties":{"etrs":"E282N216"}},{"type":"Feature","geometry":{"type":"Polygon","coordinates":[[[-7.95655,41.01515],[-7.84054,41.03642],[-7.86621,41.12401],[-7.98237,41.10271],[-7.95655,41.01515]]]},"properties":{"etrs":"E282N217"}},{"type":"Feature","geometry":{"type":"Polygon","coordinates":[[[-7.98237,41.10271],[-7.86621,41.12401],[-7.89198,41.21158],[-8.00829,41.19025],[-7.98237,41.10271]]]},"properties":{"etrs":"E282N218"}},{"type":"Feature","geometry":{"type":"Polygon","coordinates":[[[-8.00829,41.19025],[-7.89198,41.21158],[-7.91785,41.29913],[-8.03431,41.27777],[-8.00829,41.19025]]]},"properties":{"etrs":"E282N219"}},{"type":"Feature","geometry":{"type":"Polygon","coordinates":[[[-8.03431,41.27777],[-7.91785,41.29913],[-7.94382,41.38667],[-8.06043,41.36527],[-8.03431,41.27777]]]},"properties":{"etrs":"E282N220"}},{"type":"Feature","geometry":{"type":"Polygon","coordinates":[[[-8.06043,41.36527],[-7.94382,41.38667],[-7.96989,41.47419],[-8.08665,41.45275],[-8.06043,41.36527]]]},"properties":{"etrs":"E282N221"}},{"type":"Feature","geometry":{"type":"Polygon","coordinates":[[[-8.08665,41.45275],[-7.96989,41.47419],[-7.99605,41.56169],[-8.11297,41.54021],[-8.08665,41.45275]]]},"properties":{"etrs":"E282N222"}},{"type":"Feature","geometry":{"type":"Polygon","coordinates":[[[-8.11297,41.54021],[-7.99605,41.56169],[-8.02233,41.64917],[-8.1394,41.62766],[-8.11297,41.54021]]]},"properties":{"etrs":"E282N223"}},{"type":"Feature","geometry":{"type":"Polygon","coordinates":[[[-8.1394,41.62766],[-8.02233,41.64917],[-8.0487,41.73663],[-8.16592,41.71509],[-8.1394,41.62766]]]},"properties":{"etrs":"E282N224"}},{"type":"Feature","geometry":{"type":"Polygon","coordinates":[[[-8.16592,41.71509],[-8.0487,41.73663],[-8.07517,41.82408],[-8.19255,41.8025],[-8.16592,41.71509]]]},"properties":{"etrs":"E282N225"}},{"type":"Feature","geometry":{"type":"Polygon","coordinates":[[[-8.19255,41.8025],[-8.07517,41.82408],[-8.10175,41.91151],[-8.21929,41.88989],[-8.19255,41.8025]]]},"properties":{"etrs":"E282N226"}},{"type":"Feature","geometry":{"type":"Polygon","coordinates":[[[-8.21929,41.88989],[-8.10175,41.91151],[-8.12843,41.99892],[-8.24612,41.97727],[-8.21929,41.88989]]]},"properties":{"etrs":"E282N227"}},{"type":"Feature","geometry":{"type":"Polygon","coordinates":[[[-8.24612,41.97727],[-8.12843,41.99892],[-8.15522,42.08631],[-8.27306,42.06462],[-8.24612,41.97727]]]},"properties":{"etrs":"E282N228"}},{"type":"Feature","geometry":{"type":"Polygon","coordinates":[[[-8.27306,42.06462],[-8.15522,42.08631],[-8.18211,42.17368],[-8.30011,42.15196],[-8.27306,42.06462]]]},"properties":{"etrs":"E282N229"}},{"type":"Feature","geometry":{"type":"Polygon","coordinates":[[[-7.00055,37.95937],[-6.88944,37.97937],[-6.91182,38.06762],[-7.02306,38.04759],[-7.00055,37.95937]]]},"properties":{"etrs":"E283N182"}},{"type":"Feature","geometry":{"type":"Polygon","coordinates":[[[-7.02306,38.04759],[-6.91182,38.06762],[-6.93428,38.15586],[-7.04565,38.1358],[-7.02306,38.04759]]]},"properties":{"etrs":"E283N183"}},{"type":"Feature","geometry":{"type":"Polygon","coordinates":[[[-7.04565,38.1358],[-6.93428,38.15586],[-6.95682,38.24407],[-7.06833,38.22399],[-7.04565,38.1358]]]},"properties":{"etrs":"E283N184"}},{"type":"Feature","geometry":{"type":"Polygon","coordinates":[[[-7.20616,38.75273],[-7.09383,38.773],[-7.11696,38.86109],[-7.22944,38.84079],[-7.20616,38.75273]]]},"properties":{"etrs":"E283N191"}},{"type":"Feature","geometry":{"type":"Polygon","coordinates":[[[-7.22944,38.84079],[-7.11696,38.86109],[-7.14018,38.94917],[-7.25279,38.92883],[-7.22944,38.84079]]]},"properties":{"etrs":"E283N192"}},{"type":"Feature","geometry":{"type":"Polygon","coordinates":[[[-7.25279,38.92883],[-7.14018,38.94917],[-7.16349,39.03722],[-7.27624,39.01685],[-7.25279,38.92883]]]},"properties":{"etrs":"E283N193"}},{"type":"Feature","geometry":{"type":"Polygon","coordinates":[[[-7.27624,39.01685],[-7.16349,39.03722],[-7.18688,39.12526],[-7.29977,39.10486],[-7.27624,39.01685]]]},"properties":{"etrs":"E283N194"}},{"type":"Feature","geometry":{"type":"Polygon","coordinates":[[[-7.29977,39.10486],[-7.18688,39.12526],[-7.21036,39.21328],[-7.32339,39.19285],[-7.29977,39.10486]]]},"properties":{"etrs":"E283N195"}},{"type":"Feature","geometry":{"type":"Polygon","coordinates":[[[-7.32339,39.19285],[-7.21036,39.21328],[-7.23393,39.30128],[-7.3471,39.28082],[-7.32339,39.19285]]]},"properties":{"etrs":"E283N196"}},{"type":"Feature","geometry":{"type":"Polygon","coordinates":[[[-7.3471,39.28082],[-7.23393,39.30128],[-7.25759,39.38926],[-7.3709,39.36877],[-7.3471,39.28082]]]},"properties":{"etrs":"E283N197"}},{"type":"Feature","geometry":{"type":"Polygon","coordinates":[[[-7.3709,39.36877],[-7.25759,39.38926],[-7.28134,39.47723],[-7.39479,39.4567],[-7.3709,39.36877]]]},"properties":{"etrs":"E283N198"}},{"type":"Feature","geometry":{"type":"Polygon","coordinates":[[[-7.39479,39.4567],[-7.28134,39.47723],[-7.30517,39.56518],[-7.41876,39.54462],[-7.39479,39.4567]]]},"properties":{"etrs":"E283N199"}},{"type":"Feature","geometry":{"type":"Polygon","coordinates":[[[-7.41876,39.54462],[-7.30517,39.56518],[-7.3291,39.65311],[-7.44283,39.63251],[-7.41876,39.54462]]]},"properties":{"etrs":"E283N200"}},{"type":"Feature","geometry":{"type":"Polygon","coordinates":[[[-7.44283,39.63251],[-7.3291,39.65311],[-7.35311,39.74102],[-7.46699,39.72039],[-7.44283,39.63251]]]},"properties":{"etrs":"E283N201"}},{"type":"Feature","geometry":{"type":"Polygon","coordinates":[[[-7.46699,39.72039],[-7.35311,39.74102],[-7.37722,39.82891],[-7.49124,39.80825],[-7.46699,39.72039]]]},"properties":{"etrs":"E283N202"}},{"type":"Feature","geometry":{"type":"Polygon","coordinates":[[[-7.49124,39.80825],[-7.37722,39.82891],[-7.40141,39.91679],[-7.51558,39.8961],[-7.49124,39.80825]]]},"properties":{"etrs":"E283N203"}},{"type":"Feature","geometry":{"type":"Polygon","coordinates":[[[-7.51558,39.8961],[-7.40141,39.91679],[-7.4257,40.00464],[-7.54001,39.98392],[-7.51558,39.8961]]]},"properties":{"etrs":"E283N204"}},{"type":"Feature","geometry":{"type":"Polygon","coordinates":[[[-7.54001,39.98392],[-7.4257,40.00464],[-7.45008,40.09248],[-7.56453,40.07173],[-7.54001,39.98392]]]},"properties":{"etrs":"E283N205"}},{"type":"Feature","geometry":{"type":"Polygon","coordinates":[[[-7.56453,40.07173],[-7.45008,40.09248],[-7.47455,40.18031],[-7.58915,40.15952],[-7.56453,40.07173]]]},"properties":{"etrs":"E283N206"}},{"type":"Feature","geometry":{"type":"Polygon","coordinates":[[[-7.58915,40.15952],[-7.47455,40.18031],[-7.49912,40.26811],[-7.61386,40.24729],[-7.58915,40.15952]]]},"properties":{"etrs":"E283N207"}},{"type":"Feature","geometry":{"type":"Polygon","coordinates":[[[-7.61386,40.24729],[-7.49912,40.26811],[-7.52378,40.3559],[-7.63867,40.33504],[-7.61386,40.24729]]]},"properties":{"etrs":"E283N208"}},{"type":"Feature","geometry":{"type":"Polygon","coordinates":[[[-7.63867,40.33504],[-7.52378,40.3559],[-7.54853,40.44366],[-7.66357,40.42278],[-7.63867,40.33504]]]},"properties":{"etrs":"E283N209"}},{"type":"Feature","geometry":{"type":"Polygon","coordinates":[[[-7.66357,40.42278],[-7.54853,40.44366],[-7.57338,40.53142],[-7.68856,40.51049],[-7.66357,40.42278]]]},"properties":{"etrs":"E283N210"}},{"type":"Feature","geometry":{"type":"Polygon","coordinates":[[[-7.68856,40.51049],[-7.57338,40.53142],[-7.59832,40.61915],[-7.71365,40.59819],[-7.68856,40.51049]]]},"properties":{"etrs":"E283N211"}},{"type":"Feature","geometry":{"type":"Polygon","coordinates":[[[-7.71365,40.59819],[-7.59832,40.61915],[-7.62335,40.70686],[-7.73883,40.68587],[-7.71365,40.59819]]]},"properties":{"etrs":"E283N212"}},{"type":"Feature","geometry":{"type":"Polygon","coordinates":[[[-7.73883,40.68587],[-7.62335,40.70686],[-7.64849,40.79456],[-7.76411,40.77354],[-7.73883,40.68587]]]},"properties":{"etrs":"E283N213"}},{"type":"Feature","geometry":{"type":"Polygon","coordinates":[[[-7.76411,40.77354],[-7.64849,40.79456],[-7.67371,40.88224],[-7.78949,40.86118],[-7.76411,40.77354]]]},"properties":{"etrs":"E283N214"}},{"type":"Feature","geometry":{"type":"Polygon","coordinates":[[[-7.78949,40.86118],[-7.67371,40.88224],[-7.69904,40.9699],[-7.81497,40.94881],[-7.78949,40.86118]]]},"properties":{"etrs":"E283N215"}},{"type":"Feature","geometry":{"type":"Polygon","coordinates":[[[-7.81497,40.94881],[-7.69904,40.9699],[-7.72446,41.05754],[-7.84054,41.03642],[-7.81497,40.94881]]]},"properties":{"etrs":"E283N216"}},{"type":"Feature","geometry":{"type":"Polygon","coordinates":[[[-7.84054,41.03642],[-7.72446,41.05754],[-7.74998,41.14517],[-7.86621,41.12401],[-7.84054,41.03642]]]},"properties":{"etrs":"E283N217"}},{"type":"Feature","geometry":{"type":"Polygon","coordinates":[[[-7.86621,41.12401],[-7.74998,41.14517],[-7.7756,41.23277],[-7.89198,41.21158],[-7.86621,41.12401]]]},"properties":{"etrs":"E283N218"}},{"type":"Feature","geometry":{"type":"Polygon","coordinates":[[[-7.89198,41.21158],[-7.7756,41.23277],[-7.80132,41.32036],[-7.91785,41.29913],[-7.89198,41.21158]]]},"properties":{"etrs":"E283N219"}},{"type":"Feature","geometry":{"type":"Polygon","coordinates":[[[-7.91785,41.29913],[-7.80132,41.32036],[-7.82713,41.40793],[-7.94382,41.38667],[-7.91785,41.29913]]]},"properties":{"etrs":"E283N220"}},{"type":"Feature","geometry":{"type":"Polygon","coordinates":[[[-7.94382,41.38667],[-7.82713,41.40793],[-7.85305,41.49549],[-7.96989,41.47419],[-7.94382,41.38667]]]},"properties":{"etrs":"E283N221"}},{"type":"Feature","geometry":{"type":"Polygon","coordinates":[[[-7.96989,41.47419],[-7.85305,41.49549],[-7.87906,41.58302],[-7.99605,41.56169],[-7.96989,41.47419]]]},"properties":{"etrs":"E283N222"}},{"type":"Feature","geometry":{"type":"Polygon","coordinates":[[[-7.99605,41.56169],[-7.87906,41.58302],[-7.90518,41.67054],[-8.02233,41.64917],[-7.99605,41.56169]]]},"properties":{"etrs":"E283N223"}},{"type":"Feature","geometry":{"type":"Polygon","coordinates":[[[-8.02233,41.64917],[-7.90518,41.67054],[-7.9314,41.75804],[-8.0487,41.73663],[-8.02233,41.64917]]]},"properties":{"etrs":"E283N224"}},{"type":"Feature","geometry":{"type":"Polygon","coordinates":[[[-8.0487,41.73663],[-7.9314,41.75804],[-7.95772,41.84552],[-8.07517,41.82408],[-8.0487,41.73663]]]},"properties":{"etrs":"E283N225"}},{"type":"Feature","geometry":{"type":"Polygon","coordinates":[[[-8.07517,41.82408],[-7.95772,41.84552],[-7.98414,41.93299],[-8.10175,41.91151],[-8.07517,41.82408]]]},"properties":{"etrs":"E283N226"}},{"type":"Feature","geometry":{"type":"Polygon","coordinates":[[[-8.12843,41.99892],[-8.01067,42.02043],[-8.0373,42.10786],[-8.15522,42.08631],[-8.12843,41.99892]]]},"properties":{"etrs":"E283N228"}},{"type":"Feature","geometry":{"type":"Polygon","coordinates":[[[-6.93428,38.15586],[-6.82284,38.17578],[-6.84525,38.26403],[-6.95682,38.24407],[-6.93428,38.15586]]]},"properties":{"etrs":"E284N184"}},{"type":"Feature","geometry":{"type":"Polygon","coordinates":[[[-7.09383,38.773],[-6.98144,38.79314],[-7.00443,38.88126],[-7.11696,38.86109],[-7.09383,38.773]]]},"properties":{"etrs":"E284N191"}},{"type":"Feature","geometry":{"type":"Polygon","coordinates":[[[-7.11696,38.86109],[-7.00443,38.88126],[-7.02751,38.96937],[-7.14018,38.94917],[-7.11696,38.86109]]]},"properties":{"etrs":"E284N192"}},{"type":"Feature","geometry":{"type":"Polygon","coordinates":[[[-7.14018,38.94917],[-7.02751,38.96937],[-7.05068,39.05746],[-7.16349,39.03722],[-7.14018,38.94917]]]},"properties":{"etrs":"E284N193"}},{"type":"Feature","geometry":{"type":"Polygon","coordinates":[[[-7.16349,39.03722],[-7.05068,39.05746],[-7.07394,39.14552],[-7.18688,39.12526],[-7.16349,39.03722]]]},"properties":{"etrs":"E284N194"}},{"type":"Feature","geometry":{"type":"Polygon","coordinates":[[[-7.18688,39.12526],[-7.07394,39.14552],[-7.09728,39.23358],[-7.21036,39.21328],[-7.18688,39.12526]]]},"properties":{"etrs":"E284N195"}},{"type":"Feature","geometry":{"type":"Polygon","coordinates":[[[-7.30517,39.56518],[-7.19152,39.5856],[-7.2153,39.67356],[-7.3291,39.65311],[-7.30517,39.56518]]]},"properties":{"etrs":"E284N200"}},{"type":"Feature","geometry":{"type":"Polygon","coordinates":[[[-7.3291,39.65311],[-7.2153,39.67356],[-7.23917,39.76151],[-7.35311,39.74102],[-7.3291,39.65311]]]},"properties":{"etrs":"E284N201"}},{"type":"Feature","geometry":{"type":"Polygon","coordinates":[[[-7.35311,39.74102],[-7.23917,39.76151],[-7.26313,39.84943],[-7.37722,39.82891],[-7.35311,39.74102]]]},"properties":{"etrs":"E284N202"}},{"type":"Feature","geometry":{"type":"Polygon","coordinates":[[[-7.37722,39.82891],[-7.26313,39.84943],[-7.28718,39.93734],[-7.40141,39.91679],[-7.37722,39.82891]]]},"properties":{"etrs":"E284N203"}},{"type":"Feature","geometry":{"type":"Polygon","coordinates":[[[-7.40141,39.91679],[-7.28718,39.93734],[-7.31133,40.02523],[-7.4257,40.00464],[-7.40141,39.91679]]]},"properties":{"etrs":"E284N204"}},{"type":"Feature","geometry":{"type":"Polygon","coordinates":[[[-7.4257,40.00464],[-7.31133,40.02523],[-7.33556,40.1131],[-7.45008,40.09248],[-7.4257,40.00464]]]},"properties":{"etrs":"E284N205"}},{"type":"Feature","geometry":{"type":"Polygon","coordinates":[[[-7.45008,40.09248],[-7.33556,40.1131],[-7.35989,40.20096],[-7.47455,40.18031],[-7.45008,40.09248]]]},"properties":{"etrs":"E284N206"}},{"type":"Feature","geometry":{"type":"Polygon","coordinates":[[[-7.47455,40.18031],[-7.35989,40.20096],[-7.38431,40.2888],[-7.49912,40.26811],[-7.47455,40.18031]]]},"properties":{"etrs":"E284N207"}},{"type":"Feature","geometry":{"type":"Polygon","coordinates":[[[-7.49912,40.26811],[-7.38431,40.2888],[-7.40882,40.37662],[-7.52378,40.3559],[-7.49912,40.26811]]]},"properties":{"etrs":"E284N208"}},{"type":"Feature","geometry":{"type":"Polygon","coordinates":[[[-7.52378,40.3559],[-7.40882,40.37662],[-7.43343,40.46442],[-7.54853,40.44366],[-7.52378,40.3559]]]},"properties":{"etrs":"E284N209"}},{"type":"Feature","geometry":{"type":"Polygon","coordinates":[[[-7.54853,40.44366],[-7.43343,40.46442],[-7.45812,40.5522],[-7.57338,40.53142],[-7.54853,40.44366]]]},"properties":{"etrs":"E284N210"}},{"type":"Feature","geometry":{"type":"Polygon","coordinates":[[[-7.57338,40.53142],[-7.45812,40.5522],[-7.48292,40.63997],[-7.59832,40.61915],[-7.57338,40.53142]]]},"properties":{"etrs":"E284N211"}},{"type":"Feature","geometry":{"type":"Polygon","coordinates":[[[-7.59832,40.61915],[-7.48292,40.63997],[-7.50781,40.72772],[-7.62335,40.70686],[-7.59832,40.61915]]]},"properties":{"etrs":"E284N212"}},{"type":"Feature","geometry":{"type":"Polygon","coordinates":[[[-7.62335,40.70686],[-7.50781,40.72772],[-7.53279,40.81545],[-7.64849,40.79456],[-7.62335,40.70686]]]},"properties":{"etrs":"E284N213"}},{"type":"Feature","geometry":{"type":"Polygon","coordinates":[[[-7.64849,40.79456],[-7.53279,40.81545],[-7.55787,40.90316],[-7.67371,40.88224],[-7.64849,40.79456]]]},"properties":{"etrs":"E284N214"}},{"type":"Feature","geometry":{"type":"Polygon","coordinates":[[[-7.67371,40.88224],[-7.55787,40.90316],[-7.58304,40.99085],[-7.69904,40.9699],[-7.67371,40.88224]]]},"properties":{"etrs":"E284N215"}},{"type":"Feature","geometry":{"type":"Polygon","coordinates":[[[-7.69904,40.9699],[-7.58304,40.99085],[-7.60831,41.07853],[-7.72446,41.05754],[-7.69904,40.9699]]]},"properties":{"etrs":"E284N216"}},{"type":"Feature","geometry":{"type":"Polygon","coordinates":[[[-7.72446,41.05754],[-7.60831,41.07853],[-7.63368,41.16619],[-7.74998,41.14517],[-7.72446,41.05754]]]},"properties":{"etrs":"E284N217"}},{"type":"Feature","geometry":{"type":"Polygon","coordinates":[[[-7.74998,41.14517],[-7.63368,41.16619],[-7.65915,41.25383],[-7.7756,41.23277],[-7.74998,41.14517]]]},"properties":{"etrs":"E284N218"}},{"type":"Feature","geometry":{"type":"Polygon","coordinates":[[[-7.7756,41.23277],[-7.65915,41.25383],[-7.68472,41.34146],[-7.80132,41.32036],[-7.7756,41.23277]]]},"properties":{"etrs":"E284N219"}},{"type":"Feature","geometry":{"type":"Polygon","coordinates":[[[-7.80132,41.32036],[-7.68472,41.34146],[-7.71038,41.42906],[-7.82713,41.40793],[-7.80132,41.32036]]]},"properties":{"etrs":"E284N220"}},{"type":"Feature","geometry":{"type":"Polygon","coordinates":[[[-7.82713,41.40793],[-7.71038,41.42906],[-7.73614,41.51665],[-7.85305,41.49549],[-7.82713,41.40793]]]},"properties":{"etrs":"E284N221"}},{"type":"Feature","geometry":{"type":"Polygon","coordinates":[[[-7.85305,41.49549],[-7.73614,41.51665],[-7.762,41.60422],[-7.87906,41.58302],[-7.85305,41.49549]]]},"properties":{"etrs":"E284N222"}},{"type":"Feature","geometry":{"type":"Polygon","coordinates":[[[-7.87906,41.58302],[-7.762,41.60422],[-7.78797,41.69178],[-7.90518,41.67054],[-7.87906,41.58302]]]},"properties":{"etrs":"E284N223"}},{"type":"Feature","geometry":{"type":"Polygon","coordinates":[[[-7.90518,41.67054],[-7.78797,41.69178],[-7.81403,41.77931],[-7.9314,41.75804],[-7.90518,41.67054]]]},"properties":{"etrs":"E284N224"}},{"type":"Feature","geometry":{"type":"Polygon","coordinates":[[[-7.9314,41.75804],[-7.81403,41.77931],[-7.8402,41.86683],[-7.95772,41.84552],[-7.9314,41.75804]]]},"properties":{"etrs":"E284N225"}},{"type":"Feature","geometry":{"type":"Polygon","coordinates":[[[-7.95772,41.84552],[-7.8402,41.86683],[-7.86646,41.95433],[-7.98414,41.93299],[-7.95772,41.84552]]]},"properties":{"etrs":"E284N226"}},{"type":"Feature","geometry":{"type":"Polygon","coordinates":[[[-7.00443,38.88126],[-6.89184,38.9013],[-6.91479,38.98944],[-7.02751,38.96937],[-7.00443,38.88126]]]},"properties":{"etrs":"E285N192"}},{"type":"Feature","geometry":{"type":"Polygon","coordinates":[[[-7.02751,38.96937],[-6.91479,38.98944],[-6.93781,39.07756],[-7.05068,39.05746],[-7.02751,38.96937]]]},"properties":{"etrs":"E285N193"}},{"type":"Feature","geometry":{"type":"Polygon","coordinates":[[[-7.05068,39.05746],[-6.93781,39.07756],[-6.96093,39.16566],[-7.07394,39.14552],[-7.05068,39.05746]]]},"properties":{"etrs":"E285N194"}},{"type":"Feature","geometry":{"type":"Polygon","coordinates":[[[-7.19152,39.5856],[-7.0778,39.60589],[-7.10144,39.69389],[-7.2153,39.67356],[-7.19152,39.5856]]]},"properties":{"etrs":"E285N200"}},{"type":"Feature","geometry":{"type":"Polygon","coordinates":[[[-7.2153,39.67356],[-7.10144,39.69389],[-7.12517,39.78186],[-7.23917,39.76151],[-7.2153,39.67356]]]},"properties":{"etrs":"E285N201"}},{"type":"Feature","geometry":{"type":"Polygon","coordinates":[[[-7.23917,39.76151],[-7.12517,39.78186],[-7.14898,39.86982],[-7.26313,39.84943],[-7.23917,39.76151]]]},"properties":{"etrs":"E285N202"}},{"type":"Feature","geometry":{"type":"Polygon","coordinates":[[[-7.26313,39.84943],[-7.14898,39.86982],[-7.17289,39.95776],[-7.28718,39.93734],[-7.26313,39.84943]]]},"properties":{"etrs":"E285N203"}},{"type":"Feature","geometry":{"type":"Polygon","coordinates":[[[-7.28718,39.93734],[-7.17289,39.95776],[-7.19689,40.04569],[-7.31133,40.02523],[-7.28718,39.93734]]]},"properties":{"etrs":"E285N204"}},{"type":"Feature","geometry":{"type":"Polygon","coordinates":[[[-7.31133,40.02523],[-7.19689,40.04569],[-7.22098,40.13359],[-7.33556,40.1131],[-7.31133,40.02523]]]},"properties":{"etrs":"E285N205"}},{"type":"Feature","geometry":{"type":"Polygon","coordinates":[[[-7.33556,40.1131],[-7.22098,40.13359],[-7.24516,40.22148],[-7.35989,40.20096],[-7.33556,40.1131]]]},"properties":{"etrs":"E285N206"}},{"type":"Feature","geometry":{"type":"Polygon","coordinates":[[[-7.35989,40.20096],[-7.24516,40.22148],[-7.26943,40.30935],[-7.38431,40.2888],[-7.35989,40.20096]]]},"properties":{"etrs":"E285N207"}},{"type":"Feature","geometry":{"type":"Polygon","coordinates":[[[-7.38431,40.2888],[-7.26943,40.30935],[-7.2938,40.3972],[-7.40882,40.37662],[-7.38431,40.2888]]]},"properties":{"etrs":"E285N208"}},{"type":"Feature","geometry":{"type":"Polygon","coordinates":[[[-7.40882,40.37662],[-7.2938,40.3972],[-7.31826,40.48504],[-7.43343,40.46442],[-7.40882,40.37662]]]},"properties":{"etrs":"E285N209"}},{"type":"Feature","geometry":{"type":"Polygon","coordinates":[[[-7.43343,40.46442],[-7.31826,40.48504],[-7.34281,40.57285],[-7.45812,40.5522],[-7.43343,40.46442]]]},"properties":{"etrs":"E285N210"}},{"type":"Feature","geometry":{"type":"Polygon","coordinates":[[[-7.45812,40.5522],[-7.34281,40.57285],[-7.36745,40.66065],[-7.48292,40.63997],[-7.45812,40.5522]]]},"properties":{"etrs":"E285N211"}},{"type":"Feature","geometry":{"type":"Polygon","coordinates":[[[-7.48292,40.63997],[-7.36745,40.66065],[-7.39219,40.74844],[-7.50781,40.72772],[-7.48292,40.63997]]]},"properties":{"etrs":"E285N212"}},{"type":"Feature","geometry":{"type":"Polygon","coordinates":[[[-7.50781,40.72772],[-7.39219,40.74844],[-7.41702,40.8362],[-7.53279,40.81545],[-7.50781,40.72772]]]},"properties":{"etrs":"E285N213"}},{"type":"Feature","geometry":{"type":"Polygon","coordinates":[[[-7.53279,40.81545],[-7.41702,40.8362],[-7.44195,40.92395],[-7.55787,40.90316],[-7.53279,40.81545]]]},"properties":{"etrs":"E285N214"}},{"type":"Feature","geometry":{"type":"Polygon","coordinates":[[[-7.55787,40.90316],[-7.44195,40.92395],[-7.46698,41.01168],[-7.58304,40.99085],[-7.55787,40.90316]]]},"properties":{"etrs":"E285N215"}},{"type":"Feature","geometry":{"type":"Polygon","coordinates":[[[-7.58304,40.99085],[-7.46698,41.01168],[-7.4921,41.09939],[-7.60831,41.07853],[-7.58304,40.99085]]]},"properties":{"etrs":"E285N216"}},{"type":"Feature","geometry":{"type":"Polygon","coordinates":[[[-7.60831,41.07853],[-7.4921,41.09939],[-7.51732,41.18708],[-7.63368,41.16619],[-7.60831,41.07853]]]},"properties":{"etrs":"E285N217"}},{"type":"Feature","geometry":{"type":"Polygon","coordinates":[[[-7.63368,41.16619],[-7.51732,41.18708],[-7.54263,41.27476],[-7.65915,41.25383],[-7.63368,41.16619]]]},"properties":{"etrs":"E285N218"}},{"type":"Feature","geometry":{"type":"Polygon","coordinates":[[[-7.65915,41.25383],[-7.54263,41.27476],[-7.56804,41.36242],[-7.68472,41.34146],[-7.65915,41.25383]]]},"properties":{"etrs":"E285N219"}},{"type":"Feature","geometry":{"type":"Polygon","coordinates":[[[-7.68472,41.34146],[-7.56804,41.36242],[-7.59356,41.45006],[-7.71038,41.42906],[-7.68472,41.34146]]]},"properties":{"etrs":"E285N220"}},{"type":"Feature","geometry":{"type":"Polygon","coordinates":[[[-7.71038,41.42906],[-7.59356,41.45006],[-7.61916,41.53768],[-7.73614,41.51665],[-7.71038,41.42906]]]},"properties":{"etrs":"E285N221"}},{"type":"Feature","geometry":{"type":"Polygon","coordinates":[[[-7.73614,41.51665],[-7.61916,41.53768],[-7.64487,41.62529],[-7.762,41.60422],[-7.73614,41.51665]]]},"properties":{"etrs":"E285N222"}},{"type":"Feature","geometry":{"type":"Polygon","coordinates":[[[-7.762,41.60422],[-7.64487,41.62529],[-7.67068,41.71287],[-7.78797,41.69178],[-7.762,41.60422]]]},"properties":{"etrs":"E285N223"}},{"type":"Feature","geometry":{"type":"Polygon","coordinates":[[[-7.78797,41.69178],[-7.67068,41.71287],[-7.69659,41.80044],[-7.81403,41.77931],[-7.78797,41.69178]]]},"properties":{"etrs":"E285N224"}},{"type":"Feature","geometry":{"type":"Polygon","coordinates":[[[-7.81403,41.77931],[-7.69659,41.80044],[-7.7226,41.888],[-7.8402,41.86683],[-7.81403,41.77931]]]},"properties":{"etrs":"E285N225"}},{"type":"Feature","geometry":{"type":"Polygon","coordinates":[[[-7.8402,41.86683],[-7.7226,41.888],[-7.74871,41.97553],[-7.86646,41.95433],[-7.8402,41.86683]]]},"properties":{"etrs":"E285N226"}},{"type":"Feature","geometry":{"type":"Polygon","coordinates":[[[-7.0778,39.60589],[-6.96402,39.62605],[-6.98752,39.71408],[-7.10144,39.69389],[-7.0778,39.60589]]]},"properties":{"etrs":"E286N200"}},{"type":"Feature","geometry":{"type":"Polygon","coordinates":[[[-7.10144,39.69389],[-6.98752,39.71408],[-7.0111,39.80209],[-7.12517,39.78186],[-7.10144,39.69389]]]},"properties":{"etrs":"E286N201"}},{"type":"Feature","geometry":{"type":"Polygon","coordinates":[[[-7.12517,39.78186],[-7.0111,39.80209],[-7.03477,39.89008],[-7.14898,39.86982],[-7.12517,39.78186]]]},"properties":{"etrs":"E286N202"}},{"type":"Feature","geometry":{"type":"Polygon","coordinates":[[[-7.14898,39.86982],[-7.03477,39.89008],[-7.05854,39.97805],[-7.17289,39.95776],[-7.14898,39.86982]]]},"properties":{"etrs":"E286N203"}},{"type":"Feature","geometry":{"type":"Polygon","coordinates":[[[-7.17289,39.95776],[-7.05854,39.97805],[-7.08239,40.06601],[-7.19689,40.04569],[-7.17289,39.95776]]]},"properties":{"etrs":"E286N204"}},{"type":"Feature","geometry":{"type":"Polygon","coordinates":[[[-7.19689,40.04569],[-7.08239,40.06601],[-7.10633,40.15395],[-7.22098,40.13359],[-7.19689,40.04569]]]},"properties":{"etrs":"E286N205"}},{"type":"Feature","geometry":{"type":"Polygon","coordinates":[[[-7.22098,40.13359],[-7.10633,40.15395],[-7.13037,40.24187],[-7.24516,40.22148],[-7.22098,40.13359]]]},"properties":{"etrs":"E286N206"}},{"type":"Feature","geometry":{"type":"Polygon","coordinates":[[[-7.24516,40.22148],[-7.13037,40.24187],[-7.15449,40.32977],[-7.26943,40.30935],[-7.24516,40.22148]]]},"properties":{"etrs":"E286N207"}},{"type":"Feature","geometry":{"type":"Polygon","coordinates":[[[-7.26943,40.30935],[-7.15449,40.32977],[-7.17871,40.41765],[-7.2938,40.3972],[-7.26943,40.30935]]]},"properties":{"etrs":"E286N208"}},{"type":"Feature","geometry":{"type":"Polygon","coordinates":[[[-7.2938,40.3972],[-7.17871,40.41765],[-7.20302,40.50552],[-7.31826,40.48504],[-7.2938,40.3972]]]},"properties":{"etrs":"E286N209"}},{"type":"Feature","geometry":{"type":"Polygon","coordinates":[[[-7.31826,40.48504],[-7.20302,40.50552],[-7.22742,40.59337],[-7.34281,40.57285],[-7.31826,40.48504]]]},"properties":{"etrs":"E286N210"}},{"type":"Feature","geometry":{"type":"Polygon","coordinates":[[[-7.34281,40.57285],[-7.22742,40.59337],[-7.25192,40.68121],[-7.36745,40.66065],[-7.34281,40.57285]]]},"properties":{"etrs":"E286N211"}},{"type":"Feature","geometry":{"type":"Polygon","coordinates":[[[-7.36745,40.66065],[-7.25192,40.68121],[-7.27651,40.76902],[-7.39219,40.74844],[-7.36745,40.66065]]]},"properties":{"etrs":"E286N212"}},{"type":"Feature","geometry":{"type":"Polygon","coordinates":[[[-7.39219,40.74844],[-7.27651,40.76902],[-7.30119,40.85682],[-7.41702,40.8362],[-7.39219,40.74844]]]},"properties":{"etrs":"E286N213"}},{"type":"Feature","geometry":{"type":"Polygon","coordinates":[[[-7.41702,40.8362],[-7.30119,40.85682],[-7.32597,40.9446],[-7.44195,40.92395],[-7.41702,40.8362]]]},"properties":{"etrs":"E286N214"}},{"type":"Feature","geometry":{"type":"Polygon","coordinates":[[[-7.44195,40.92395],[-7.32597,40.9446],[-7.35085,41.03236],[-7.46698,41.01168],[-7.44195,40.92395]]]},"properties":{"etrs":"E286N215"}},{"type":"Feature","geometry":{"type":"Polygon","coordinates":[[[-7.46698,41.01168],[-7.35085,41.03236],[-7.37582,41.12011],[-7.4921,41.09939],[-7.46698,41.01168]]]},"properties":{"etrs":"E286N216"}},{"type":"Feature","geometry":{"type":"Polygon","coordinates":[[[-7.4921,41.09939],[-7.37582,41.12011],[-7.40088,41.20783],[-7.51732,41.18708],[-7.4921,41.09939]]]},"properties":{"etrs":"E286N217"}},{"type":"Feature","geometry":{"type":"Polygon","coordinates":[[[-7.51732,41.18708],[-7.40088,41.20783],[-7.42605,41.29554],[-7.54263,41.27476],[-7.51732,41.18708]]]},"properties":{"etrs":"E286N218"}},{"type":"Feature","geometry":{"type":"Polygon","coordinates":[[[-7.54263,41.27476],[-7.42605,41.29554],[-7.4513,41.38324],[-7.56804,41.36242],[-7.54263,41.27476]]]},"properties":{"etrs":"E286N219"}},{"type":"Feature","geometry":{"type":"Polygon","coordinates":[[[-7.56804,41.36242],[-7.4513,41.38324],[-7.47666,41.47091],[-7.59356,41.45006],[-7.56804,41.36242]]]},"properties":{"etrs":"E286N220"}},{"type":"Feature","geometry":{"type":"Polygon","coordinates":[[[-7.59356,41.45006],[-7.47666,41.47091],[-7.50212,41.55857],[-7.61916,41.53768],[-7.59356,41.45006]]]},"properties":{"etrs":"E286N221"}},{"type":"Feature","geometry":{"type":"Polygon","coordinates":[[[-7.61916,41.53768],[-7.50212,41.55857],[-7.52767,41.64621],[-7.64487,41.62529],[-7.61916,41.53768]]]},"properties":{"etrs":"E286N222"}},{"type":"Feature","geometry":{"type":"Polygon","coordinates":[[[-7.64487,41.62529],[-7.52767,41.64621],[-7.55332,41.73383],[-7.67068,41.71287],[-7.64487,41.62529]]]},"properties":{"etrs":"E286N223"}},{"type":"Feature","geometry":{"type":"Polygon","coordinates":[[[-7.67068,41.71287],[-7.55332,41.73383],[-7.57908,41.82144],[-7.69659,41.80044],[-7.67068,41.71287]]]},"properties":{"etrs":"E286N224"}},{"type":"Feature","geometry":{"type":"Polygon","coordinates":[[[-7.69659,41.80044],[-7.57908,41.82144],[-7.60493,41.90903],[-7.7226,41.888],[-7.69659,41.80044]]]},"properties":{"etrs":"E286N225"}},{"type":"Feature","geometry":{"type":"Polygon","coordinates":[[[-7.7226,41.888],[-7.60493,41.90903],[-7.63089,41.9966],[-7.74871,41.97553],[-7.7226,41.888]]]},"properties":{"etrs":"E286N226"}},{"type":"Feature","geometry":{"type":"Polygon","coordinates":[[[-6.98752,39.71408],[-6.87353,39.73414],[-6.89697,39.82218],[-7.0111,39.80209],[-6.98752,39.71408]]]},"properties":{"etrs":"E287N201"}},{"type":"Feature","geometry":{"type":"Polygon","coordinates":[[[-7.0111,39.80209],[-6.89697,39.82218],[-6.9205,39.9102],[-7.03477,39.89008],[-7.0111,39.80209]]]},"properties":{"etrs":"E287N202"}},{"type":"Feature","geometry":{"type":"Polygon","coordinates":[[[-7.03477,39.89008],[-6.9205,39.9102],[-6.94412,39.99821],[-7.05854,39.97805],[-7.03477,39.89008]]]},"properties":{"etrs":"E287N203"}},{"type":"Feature","geometry":{"type":"Polygon","coordinates":[[[-7.05854,39.97805],[-6.94412,39.99821],[-6.96783,40.0862],[-7.08239,40.06601],[-7.05854,39.97805]]]},"properties":{"etrs":"E287N204"}},{"type":"Feature","geometry":{"type":"Polygon","coordinates":[[[-7.08239,40.06601],[-6.96783,40.0862],[-6.99163,40.17417],[-7.10633,40.15395],[-7.08239,40.06601]]]},"properties":{"etrs":"E287N205"}},{"type":"Feature","geometry":{"type":"Polygon","coordinates":[[[-7.10633,40.15395],[-6.99163,40.17417],[-7.01551,40.26212],[-7.13037,40.24187],[-7.10633,40.15395]]]},"properties":{"etrs":"E287N206"}},{"type":"Feature","geometry":{"type":"Polygon","coordinates":[[[-7.13037,40.24187],[-7.01551,40.26212],[-7.03949,40.35005],[-7.15449,40.32977],[-7.13037,40.24187]]]},"properties":{"etrs":"E287N207"}},{"type":"Feature","geometry":{"type":"Polygon","coordinates":[[[-7.15449,40.32977],[-7.03949,40.35005],[-7.06356,40.43797],[-7.17871,40.41765],[-7.15449,40.32977]]]},"properties":{"etrs":"E287N208"}},{"type":"Feature","geometry":{"type":"Polygon","coordinates":[[[-7.17871,40.41765],[-7.06356,40.43797],[-7.08772,40.52587],[-7.20302,40.50552],[-7.17871,40.41765]]]},"properties":{"etrs":"E287N209"}},{"type":"Feature","geometry":{"type":"Polygon","coordinates":[[[-7.20302,40.50552],[-7.08772,40.52587],[-7.11198,40.61376],[-7.22742,40.59337],[-7.20302,40.50552]]]},"properties":{"etrs":"E287N210"}},{"type":"Feature","geometry":{"type":"Polygon","coordinates":[[[-7.22742,40.59337],[-7.11198,40.61376],[-7.13632,40.70162],[-7.25192,40.68121],[-7.22742,40.59337]]]},"properties":{"etrs":"E287N211"}},{"type":"Feature","geometry":{"type":"Polygon","coordinates":[[[-7.25192,40.68121],[-7.13632,40.70162],[-7.16076,40.78947],[-7.27651,40.76902],[-7.25192,40.68121]]]},"properties":{"etrs":"E287N212"}},{"type":"Feature","geometry":{"type":"Polygon","coordinates":[[[-7.27651,40.76902],[-7.16076,40.78947],[-7.1853,40.8773],[-7.30119,40.85682],[-7.27651,40.76902]]]},"properties":{"etrs":"E287N213"}},{"type":"Feature","geometry":{"type":"Polygon","coordinates":[[[-7.30119,40.85682],[-7.1853,40.8773],[-7.20993,40.96512],[-7.32597,40.9446],[-7.30119,40.85682]]]},"properties":{"etrs":"E287N214"}},{"type":"Feature","geometry":{"type":"Polygon","coordinates":[[[-7.32597,40.9446],[-7.20993,40.96512],[-7.23465,41.05291],[-7.35085,41.03236],[-7.32597,40.9446]]]},"properties":{"etrs":"E287N215"}},{"type":"Feature","geometry":{"type":"Polygon","coordinates":[[[-7.35085,41.03236],[-7.23465,41.05291],[-7.25947,41.14069],[-7.37582,41.12011],[-7.35085,41.03236]]]},"properties":{"etrs":"E287N216"}},{"type":"Feature","geometry":{"type":"Polygon","coordinates":[[[-7.37582,41.12011],[-7.25947,41.14069],[-7.28438,41.22845],[-7.40088,41.20783],[-7.37582,41.12011]]]},"properties":{"etrs":"E287N217"}},{"type":"Feature","geometry":{"type":"Polygon","coordinates":[[[-7.40088,41.20783],[-7.28438,41.22845],[-7.30939,41.3162],[-7.42605,41.29554],[-7.40088,41.20783]]]},"properties":{"etrs":"E287N218"}},{"type":"Feature","geometry":{"type":"Polygon","coordinates":[[[-7.42605,41.29554],[-7.30939,41.3162],[-7.3345,41.40392],[-7.4513,41.38324],[-7.42605,41.29554]]]},"properties":{"etrs":"E287N219"}},{"type":"Feature","geometry":{"type":"Polygon","coordinates":[[[-7.4513,41.38324],[-7.3345,41.40392],[-7.3597,41.49163],[-7.47666,41.47091],[-7.4513,41.38324]]]},"properties":{"etrs":"E287N220"}},{"type":"Feature","geometry":{"type":"Polygon","coordinates":[[[-7.47666,41.47091],[-7.3597,41.49163],[-7.385,41.57932],[-7.50212,41.55857],[-7.47666,41.47091]]]},"properties":{"etrs":"E287N221"}},{"type":"Feature","geometry":{"type":"Polygon","coordinates":[[[-7.50212,41.55857],[-7.385,41.57932],[-7.4104,41.667],[-7.52767,41.64621],[-7.50212,41.55857]]]},"properties":{"etrs":"E287N222"}},{"type":"Feature","geometry":{"type":"Polygon","coordinates":[[[-7.52767,41.64621],[-7.4104,41.667],[-7.4359,41.75466],[-7.55332,41.73383],[-7.52767,41.64621]]]},"properties":{"etrs":"E287N223"}},{"type":"Feature","geometry":{"type":"Polygon","coordinates":[[[-7.55332,41.73383],[-7.4359,41.75466],[-7.4615,41.8423],[-7.57908,41.82144],[-7.55332,41.73383]]]},"properties":{"etrs":"E287N224"}},{"type":"Feature","geometry":{"type":"Polygon","coordinates":[[[-7.57908,41.82144],[-7.4615,41.8423],[-7.48719,41.92992],[-7.60493,41.90903],[-7.57908,41.82144]]]},"properties":{"etrs":"E287N225"}},{"type":"Feature","geometry":{"type":"Polygon","coordinates":[[[-6.89697,39.82218],[-6.78279,39.84214],[-6.80617,39.93019],[-6.9205,39.9102],[-6.89697,39.82218]]]},"properties":{"etrs":"E288N202"}},{"type":"Feature","geometry":{"type":"Polygon","coordinates":[[[-6.9205,39.9102],[-6.80617,39.93019],[-6.82964,40.01823],[-6.94412,39.99821],[-6.9205,39.9102]]]},"properties":{"etrs":"E288N203"}},{"type":"Feature","geometry":{"type":"Polygon","coordinates":[[[-6.94412,39.99821],[-6.82964,40.01823],[-6.8532,40.10625],[-6.96783,40.0862],[-6.94412,39.99821]]]},"properties":{"etrs":"E288N204"}},{"type":"Feature","geometry":{"type":"Polygon","coordinates":[[[-6.96783,40.0862],[-6.8532,40.10625],[-6.87685,40.19425],[-6.99163,40.17417],[-6.96783,40.0862]]]},"properties":{"etrs":"E288N205"}},{"type":"Feature","geometry":{"type":"Polygon","coordinates":[[[-6.99163,40.17417],[-6.87685,40.19425],[-6.90059,40.28224],[-7.01551,40.26212],[-6.99163,40.17417]]]},"properties":{"etrs":"E288N206"}},{"type":"Feature","geometry":{"type":"Polygon","coordinates":[[[-7.01551,40.26212],[-6.90059,40.28224],[-6.92443,40.3702],[-7.03949,40.35005],[-7.01551,40.26212]]]},"properties":{"etrs":"E288N207"}},{"type":"Feature","geometry":{"type":"Polygon","coordinates":[[[-7.03949,40.35005],[-6.92443,40.3702],[-6.94835,40.45816],[-7.06356,40.43797],[-7.03949,40.35005]]]},"properties":{"etrs":"E288N208"}},{"type":"Feature","geometry":{"type":"Polygon","coordinates":[[[-7.06356,40.43797],[-6.94835,40.45816],[-6.97236,40.54609],[-7.08772,40.52587],[-7.06356,40.43797]]]},"properties":{"etrs":"E288N209"}},{"type":"Feature","geometry":{"type":"Polygon","coordinates":[[[-7.08772,40.52587],[-6.97236,40.54609],[-6.99647,40.634],[-7.11198,40.61376],[-7.08772,40.52587]]]},"properties":{"etrs":"E288N210"}},{"type":"Feature","geometry":{"type":"Polygon","coordinates":[[[-7.11198,40.61376],[-6.99647,40.634],[-7.02066,40.7219],[-7.13632,40.70162],[-7.11198,40.61376]]]},"properties":{"etrs":"E288N211"}},{"type":"Feature","geometry":{"type":"Polygon","coordinates":[[[-7.13632,40.70162],[-7.02066,40.7219],[-7.04495,40.80978],[-7.16076,40.78947],[-7.13632,40.70162]]]},"properties":{"etrs":"E288N212"}},{"type":"Feature","geometry":{"type":"Polygon","coordinates":[[[-7.16076,40.78947],[-7.04495,40.80978],[-7.06934,40.89765],[-7.1853,40.8773],[-7.16076,40.78947]]]},"properties":{"etrs":"E288N213"}},{"type":"Feature","geometry":{"type":"Polygon","coordinates":[[[-7.1853,40.8773],[-7.06934,40.89765],[-7.09381,40.9855],[-7.20993,40.96512],[-7.1853,40.8773]]]},"properties":{"etrs":"E288N214"}},{"type":"Feature","geometry":{"type":"Polygon","coordinates":[[[-7.20993,40.96512],[-7.09381,40.9855],[-7.11838,41.07333],[-7.23465,41.05291],[-7.20993,40.96512]]]},"properties":{"etrs":"E288N215"}},{"type":"Feature","geometry":{"type":"Polygon","coordinates":[[[-7.23465,41.05291],[-7.11838,41.07333],[-7.14305,41.16114],[-7.25947,41.14069],[-7.23465,41.05291]]]},"properties":{"etrs":"E288N216"}},{"type":"Feature","geometry":{"type":"Polygon","coordinates":[[[-7.25947,41.14069],[-7.14305,41.16114],[-7.16781,41.24893],[-7.28438,41.22845],[-7.25947,41.14069]]]},"properties":{"etrs":"E288N217"}},{"type":"Feature","geometry":{"type":"Polygon","coordinates":[[[-7.28438,41.22845],[-7.16781,41.24893],[-7.19267,41.33671],[-7.30939,41.3162],[-7.28438,41.22845]]]},"properties":{"etrs":"E288N218"}},{"type":"Feature","geometry":{"type":"Polygon","coordinates":[[[-7.30939,41.3162],[-7.19267,41.33671],[-7.21762,41.42447],[-7.3345,41.40392],[-7.30939,41.3162]]]},"properties":{"etrs":"E288N219"}},{"type":"Feature","geometry":{"type":"Polygon","coordinates":[[[-7.3345,41.40392],[-7.21762,41.42447],[-7.24267,41.51222],[-7.3597,41.49163],[-7.3345,41.40392]]]},"properties":{"etrs":"E288N220"}},{"type":"Feature","geometry":{"type":"Polygon","coordinates":[[[-7.3597,41.49163],[-7.24267,41.51222],[-7.26782,41.59994],[-7.385,41.57932],[-7.3597,41.49163]]]},"properties":{"etrs":"E288N221"}},{"type":"Feature","geometry":{"type":"Polygon","coordinates":[[[-7.385,41.57932],[-7.26782,41.59994],[-7.29306,41.68765],[-7.4104,41.667],[-7.385,41.57932]]]},"properties":{"etrs":"E288N222"}},{"type":"Feature","geometry":{"type":"Polygon","coordinates":[[[-7.4104,41.667],[-7.29306,41.68765],[-7.3184,41.77534],[-7.4359,41.75466],[-7.4104,41.667]]]},"properties":{"etrs":"E288N223"}},{"type":"Feature","geometry":{"type":"Polygon","coordinates":[[[-7.4359,41.75466],[-7.3184,41.77534],[-7.34384,41.86302],[-7.4615,41.8423],[-7.4359,41.75466]]]},"properties":{"etrs":"E288N224"}},{"type":"Feature","geometry":{"type":"Polygon","coordinates":[[[-6.87685,40.19425],[-6.76202,40.2142],[-6.78561,40.30222],[-6.90059,40.28224],[-6.87685,40.19425]]]},"properties":{"etrs":"E289N206"}},{"type":"Feature","geometry":{"type":"Polygon","coordinates":[[[-6.90059,40.28224],[-6.78561,40.30222],[-6.8093,40.39022],[-6.92443,40.3702],[-6.90059,40.28224]]]},"properties":{"etrs":"E289N207"}},{"type":"Feature","geometry":{"type":"Polygon","coordinates":[[[-6.92443,40.3702],[-6.8093,40.39022],[-6.83307,40.4782],[-6.94835,40.45816],[-6.92443,40.3702]]]},"properties":{"etrs":"E289N208"}},{"type":"Feature","geometry":{"type":"Polygon","coordinates":[[[-6.94835,40.45816],[-6.83307,40.4782],[-6.85693,40.56617],[-6.97236,40.54609],[-6.94835,40.45816]]]},"properties":{"etrs":"E289N209"}},{"type":"Feature","geometry":{"type":"Polygon","coordinates":[[[-6.97236,40.54609],[-6.85693,40.56617],[-6.88089,40.65412],[-6.99647,40.634],[-6.97236,40.54609]]]},"properties":{"etrs":"E289N210"}},{"type":"Feature","geometry":{"type":"Polygon","coordinates":[[[-6.99647,40.634],[-6.88089,40.65412],[-6.90494,40.74205],[-7.02066,40.7219],[-6.99647,40.634]]]},"properties":{"etrs":"E289N211"}},{"type":"Feature","geometry":{"type":"Polygon","coordinates":[[[-7.02066,40.7219],[-6.90494,40.74205],[-6.92908,40.82996],[-7.04495,40.80978],[-7.02066,40.7219]]]},"properties":{"etrs":"E289N212"}},{"type":"Feature","geometry":{"type":"Polygon","coordinates":[[[-7.04495,40.80978],[-6.92908,40.82996],[-6.95331,40.91786],[-7.06934,40.89765],[-7.04495,40.80978]]]},"properties":{"etrs":"E289N213"}},{"type":"Feature","geometry":{"type":"Polygon","coordinates":[[[-7.06934,40.89765],[-6.95331,40.91786],[-6.97763,41.00574],[-7.09381,40.9855],[-7.06934,40.89765]]]},"properties":{"etrs":"E289N214"}},{"type":"Feature","geometry":{"type":"Polygon","coordinates":[[[-7.09381,40.9855],[-6.97763,41.00574],[-7.00205,41.0936],[-7.11838,41.07333],[-7.09381,40.9855]]]},"properties":{"etrs":"E289N215"}},{"type":"Feature","geometry":{"type":"Polygon","coordinates":[[[-7.11838,41.07333],[-7.00205,41.0936],[-7.02657,41.18145],[-7.14305,41.16114],[-7.11838,41.07333]]]},"properties":{"etrs":"E289N216"}},{"type":"Feature","geometry":{"type":"Polygon","coordinates":[[[-7.14305,41.16114],[-7.02657,41.18145],[-7.05117,41.26928],[-7.16781,41.24893],[-7.14305,41.16114]]]},"properties":{"etrs":"E289N217"}},{"type":"Feature","geometry":{"type":"Polygon","coordinates":[[[-7.16781,41.24893],[-7.05117,41.26928],[-7.07588,41.35709],[-7.19267,41.33671],[-7.16781,41.24893]]]},"properties":{"etrs":"E289N218"}},{"type":"Feature","geometry":{"type":"Polygon","coordinates":[[[-7.19267,41.33671],[-7.07588,41.35709],[-7.10068,41.44488],[-7.21762,41.42447],[-7.19267,41.33671]]]},"properties":{"etrs":"E289N219"}},{"type":"Feature","geometry":{"type":"Polygon","coordinates":[[[-7.21762,41.42447],[-7.10068,41.44488],[-7.12557,41.53266],[-7.24267,41.51222],[-7.21762,41.42447]]]},"properties":{"etrs":"E289N220"}},{"type":"Feature","geometry":{"type":"Polygon","coordinates":[[[-7.24267,41.51222],[-7.12557,41.53266],[-7.15056,41.62042],[-7.26782,41.59994],[-7.24267,41.51222]]]},"properties":{"etrs":"E289N221"}},{"type":"Feature","geometry":{"type":"Polygon","coordinates":[[[-7.26782,41.59994],[-7.15056,41.62042],[-7.17565,41.70816],[-7.29306,41.68765],[-7.26782,41.59994]]]},"properties":{"etrs":"E289N222"}},{"type":"Feature","geometry":{"type":"Polygon","coordinates":[[[-7.29306,41.68765],[-7.17565,41.70816],[-7.20084,41.79589],[-7.3184,41.77534],[-7.29306,41.68765]]]},"properties":{"etrs":"E289N223"}},{"type":"Feature","geometry":{"type":"Polygon","coordinates":[[[-7.3184,41.77534],[-7.20084,41.79589],[-7.22612,41.8836],[-7.34384,41.86302],[-7.3184,41.77534]]]},"properties":{"etrs":"E289N224"}},{"type":"Feature","geometry":{"type":"Polygon","coordinates":[[[-6.83307,40.4782],[-6.71773,40.49812],[-6.74144,40.58612],[-6.85693,40.56617],[-6.83307,40.4782]]]},"properties":{"etrs":"E290N209"}},{"type":"Feature","geometry":{"type":"Polygon","coordinates":[[[-6.85693,40.56617],[-6.74144,40.58612],[-6.76525,40.6741],[-6.88089,40.65412],[-6.85693,40.56617]]]},"properties":{"etrs":"E290N210"}},{"type":"Feature","geometry":{"type":"Polygon","coordinates":[[[-6.88089,40.65412],[-6.76525,40.6741],[-6.78915,40.76206],[-6.90494,40.74205],[-6.88089,40.65412]]]},"properties":{"etrs":"E290N211"}},{"type":"Feature","geometry":{"type":"Polygon","coordinates":[[[-6.90494,40.74205],[-6.78915,40.76206],[-6.81313,40.85001],[-6.92908,40.82996],[-6.90494,40.74205]]]},"properties":{"etrs":"E290N212"}},{"type":"Feature","geometry":{"type":"Polygon","coordinates":[[[-6.92908,40.82996],[-6.81313,40.85001],[-6.83722,40.93794],[-6.95331,40.91786],[-6.92908,40.82996]]]},"properties":{"etrs":"E290N213"}},{"type":"Feature","geometry":{"type":"Polygon","coordinates":[[[-6.95331,40.91786],[-6.83722,40.93794],[-6.86139,41.02585],[-6.97763,41.00574],[-6.95331,40.91786]]]},"properties":{"etrs":"E290N214"}},{"type":"Feature","geometry":{"type":"Polygon","coordinates":[[[-6.97763,41.00574],[-6.86139,41.02585],[-6.88566,41.11375],[-7.00205,41.0936],[-6.97763,41.00574]]]},"properties":{"etrs":"E290N215"}},{"type":"Feature","geometry":{"type":"Polygon","coordinates":[[[-7.00205,41.0936],[-6.88566,41.11375],[-6.91002,41.20162],[-7.02657,41.18145],[-7.00205,41.0936]]]},"properties":{"etrs":"E290N216"}},{"type":"Feature","geometry":{"type":"Polygon","coordinates":[[[-7.02657,41.18145],[-6.91002,41.20162],[-6.93447,41.28949],[-7.05117,41.26928],[-7.02657,41.18145]]]},"properties":{"etrs":"E290N217"}},{"type":"Feature","geometry":{"type":"Polygon","coordinates":[[[-7.05117,41.26928],[-6.93447,41.28949],[-6.95902,41.37733],[-7.07588,41.35709],[-7.05117,41.26928]]]},"properties":{"etrs":"E290N218"}},{"type":"Feature","geometry":{"type":"Polygon","coordinates":[[[-7.07588,41.35709],[-6.95902,41.37733],[-6.98366,41.46516],[-7.10068,41.44488],[-7.07588,41.35709]]]},"properties":{"etrs":"E290N219"}},{"type":"Feature","geometry":{"type":"Polygon","coordinates":[[[-7.10068,41.44488],[-6.98366,41.46516],[-7.0084,41.55297],[-7.12557,41.53266],[-7.10068,41.44488]]]},"properties":{"etrs":"E290N220"}},{"type":"Feature","geometry":{"type":"Polygon","coordinates":[[[-7.12557,41.53266],[-7.0084,41.55297],[-7.03324,41.64076],[-7.15056,41.62042],[-7.12557,41.53266]]]},"properties":{"etrs":"E290N221"}},{"type":"Feature","geometry":{"type":"Polygon","coordinates":[[[-7.15056,41.62042],[-7.03324,41.64076],[-7.05817,41.72854],[-7.17565,41.70816],[-7.15056,41.62042]]]},"properties":{"etrs":"E290N222"}},{"type":"Feature","geometry":{"type":"Polygon","coordinates":[[[-7.17565,41.70816],[-7.05817,41.72854],[-7.0832,41.8163],[-7.20084,41.79589],[-7.17565,41.70816]]]},"properties":{"etrs":"E290N223"}},{"type":"Feature","geometry":{"type":"Polygon","coordinates":[[[-7.20084,41.79589],[-7.0832,41.8163],[-7.10833,41.90404],[-7.22612,41.8836],[-7.20084,41.79589]]]},"properties":{"etrs":"E290N224"}},{"type":"Feature","geometry":{"type":"Polygon","coordinates":[[[-7.22612,41.8836],[-7.10833,41.90404],[-7.13355,41.99177],[-7.2515,41.97129],[-7.22612,41.8836]]]},"properties":{"etrs":"E290N225"}},{"type":"Feature","geometry":{"type":"Polygon","coordinates":[[[-6.81313,40.85001],[-6.69713,40.86991],[-6.72106,40.95788],[-6.83722,40.93794],[-6.81313,40.85001]]]},"properties":{"etrs":"E291N213"}},{"type":"Feature","geometry":{"type":"Polygon","coordinates":[[[-6.83722,40.93794],[-6.72106,40.95788],[-6.74508,41.04582],[-6.86139,41.02585],[-6.83722,40.93794]]]},"properties":{"etrs":"E291N214"}},{"type":"Feature","geometry":{"type":"Polygon","coordinates":[[[-6.86139,41.02585],[-6.74508,41.04582],[-6.76919,41.13375],[-6.88566,41.11375],[-6.86139,41.02585]]]},"properties":{"etrs":"E291N215"}},{"type":"Feature","geometry":{"type":"Polygon","coordinates":[[[-6.88566,41.11375],[-6.76919,41.13375],[-6.7934,41.22166],[-6.91002,41.20162],[-6.88566,41.11375]]]},"properties":{"etrs":"E291N216"}},{"type":"Feature","geometry":{"type":"Polygon","coordinates":[[[-6.91002,41.20162],[-6.7934,41.22166],[-6.8177,41.30956],[-6.93447,41.28949],[-6.91002,41.20162]]]},"properties":{"etrs":"E291N217"}},{"type":"Feature","geometry":{"type":"Polygon","coordinates":[[[-6.93447,41.28949],[-6.8177,41.30956],[-6.84209,41.39744],[-6.95902,41.37733],[-6.93447,41.28949]]]},"properties":{"etrs":"E291N218"}},{"type":"Feature","geometry":{"type":"Polygon","coordinates":[[[-6.95902,41.37733],[-6.84209,41.39744],[-6.86658,41.4853],[-6.98366,41.46516],[-6.95902,41.37733]]]},"properties":{"etrs":"E291N219"}},{"type":"Feature","geometry":{"type":"Polygon","coordinates":[[[-6.98366,41.46516],[-6.86658,41.4853],[-6.89117,41.57314],[-7.0084,41.55297],[-6.98366,41.46516]]]},"properties":{"etrs":"E291N220"}},{"type":"Feature","geometry":{"type":"Polygon","coordinates":[[[-7.0084,41.55297],[-6.89117,41.57314],[-6.91585,41.66097],[-7.03324,41.64076],[-7.0084,41.55297]]]},"properties":{"etrs":"E291N221"}},{"type":"Feature","geometry":{"type":"Polygon","coordinates":[[[-7.03324,41.64076],[-6.91585,41.66097],[-6.94062,41.74878],[-7.05817,41.72854],[-7.03324,41.64076]]]},"properties":{"etrs":"E291N222"}},{"type":"Feature","geometry":{"type":"Polygon","coordinates":[[[-7.05817,41.72854],[-6.94062,41.74878],[-6.9655,41.83657],[-7.0832,41.8163],[-7.05817,41.72854]]]},"properties":{"etrs":"E291N223"}},{"type":"Feature","geometry":{"type":"Polygon","coordinates":[[[-7.0832,41.8163],[-6.9655,41.83657],[-6.99047,41.92435],[-7.10833,41.90404],[-7.0832,41.8163]]]},"properties":{"etrs":"E291N224"}},{"type":"Feature","geometry":{"type":"Polygon","coordinates":[[[-7.10833,41.90404],[-6.99047,41.92435],[-7.01553,42.01211],[-7.13355,41.99177],[-7.10833,41.90404]]]},"properties":{"etrs":"E291N225"}},{"type":"Feature","geometry":{"type":"Polygon","coordinates":[[[-6.74508,41.04582],[-6.6287,41.06566],[-6.65266,41.15362],[-6.76919,41.13375],[-6.74508,41.04582]]]},"properties":{"etrs":"E292N215"}},{"type":"Feature","geometry":{"type":"Polygon","coordinates":[[[-6.76919,41.13375],[-6.65266,41.15362],[-6.67672,41.24157],[-6.7934,41.22166],[-6.76919,41.13375]]]},"properties":{"etrs":"E292N216"}},{"type":"Feature","geometry":{"type":"Polygon","coordinates":[[[-6.7934,41.22166],[-6.67672,41.24157],[-6.70086,41.32949],[-6.8177,41.30956],[-6.7934,41.22166]]]},"properties":{"etrs":"E292N217"}},{"type":"Feature","geometry":{"type":"Polygon","coordinates":[[[-6.8177,41.30956],[-6.70086,41.32949],[-6.7251,41.4174],[-6.84209,41.39744],[-6.8177,41.30956]]]},"properties":{"etrs":"E292N218"}},{"type":"Feature","geometry":{"type":"Polygon","coordinates":[[[-6.84209,41.39744],[-6.7251,41.4174],[-6.74944,41.5053],[-6.86658,41.4853],[-6.84209,41.39744]]]},"properties":{"etrs":"E292N219"}},{"type":"Feature","geometry":{"type":"Polygon","coordinates":[[[-6.86658,41.4853],[-6.74944,41.5053],[-6.77387,41.59318],[-6.89117,41.57314],[-6.86658,41.4853]]]},"properties":{"etrs":"E292N220"}},{"type":"Feature","geometry":{"type":"Polygon","coordinates":[[[-6.89117,41.57314],[-6.77387,41.59318],[-6.79839,41.68104],[-6.91585,41.66097],[-6.89117,41.57314]]]},"properties":{"etrs":"E292N221"}},{"type":"Feature","geometry":{"type":"Polygon","coordinates":[[[-6.91585,41.66097],[-6.79839,41.68104],[-6.82301,41.76888],[-6.94062,41.74878],[-6.91585,41.66097]]]},"properties":{"etrs":"E292N222"}},{"type":"Feature","geometry":{"type":"Polygon","coordinates":[[[-6.94062,41.74878],[-6.82301,41.76888],[-6.84772,41.85671],[-6.9655,41.83657],[-6.94062,41.74878]]]},"properties":{"etrs":"E292N223"}},{"type":"Feature","geometry":{"type":"Polygon","coordinates":[[[-6.9655,41.83657],[-6.84772,41.85671],[-6.87254,41.94452],[-6.99047,41.92435],[-6.9655,41.83657]]]},"properties":{"etrs":"E292N224"}},{"type":"Feature","geometry":{"type":"Polygon","coordinates":[[[-6.99047,41.92435],[-6.87254,41.94452],[-6.89744,42.03232],[-7.01553,42.01211],[-6.99047,41.92435]]]},"properties":{"etrs":"E292N225"}},{"type":"Feature","geometry":{"type":"Polygon","coordinates":[[[-6.65266,41.15362],[-6.53607,41.17335],[-6.55997,41.26133],[-6.67672,41.24157],[-6.65266,41.15362]]]},"properties":{"etrs":"E293N216"}},{"type":"Feature","geometry":{"type":"Polygon","coordinates":[[[-6.67672,41.24157],[-6.55997,41.26133],[-6.58396,41.34929],[-6.70086,41.32949],[-6.67672,41.24157]]]},"properties":{"etrs":"E293N217"}},{"type":"Feature","geometry":{"type":"Polygon","coordinates":[[[-6.70086,41.32949],[-6.58396,41.34929],[-6.60805,41.43724],[-6.7251,41.4174],[-6.70086,41.32949]]]},"properties":{"etrs":"E293N218"}},{"type":"Feature","geometry":{"type":"Polygon","coordinates":[[[-6.7251,41.4174],[-6.60805,41.43724],[-6.63223,41.52516],[-6.74944,41.5053],[-6.7251,41.4174]]]},"properties":{"etrs":"E293N219"}},{"type":"Feature","geometry":{"type":"Polygon","coordinates":[[[-6.74944,41.5053],[-6.63223,41.52516],[-6.6565,41.61307],[-6.77387,41.59318],[-6.74944,41.5053]]]},"properties":{"etrs":"E293N220"}},{"type":"Feature","geometry":{"type":"Polygon","coordinates":[[[-6.77387,41.59318],[-6.6565,41.61307],[-6.68086,41.70097],[-6.79839,41.68104],[-6.77387,41.59318]]]},"properties":{"etrs":"E293N221"}},{"type":"Feature","geometry":{"type":"Polygon","coordinates":[[[-6.79839,41.68104],[-6.68086,41.70097],[-6.70533,41.78885],[-6.82301,41.76888],[-6.79839,41.68104]]]},"properties":{"etrs":"E293N222"}},{"type":"Feature","geometry":{"type":"Polygon","coordinates":[[[-6.82301,41.76888],[-6.70533,41.78885],[-6.72988,41.87671],[-6.84772,41.85671],[-6.82301,41.76888]]]},"properties":{"etrs":"E293N223"}},{"type":"Feature","geometry":{"type":"Polygon","coordinates":[[[-6.84772,41.85671],[-6.72988,41.87671],[-6.75454,41.96455],[-6.87254,41.94452],[-6.84772,41.85671]]]},"properties":{"etrs":"E293N224"}},{"type":"Feature","geometry":{"type":"Polygon","coordinates":[[[-6.87254,41.94452],[-6.75454,41.96455],[-6.77929,42.05238],[-6.89744,42.03232],[-6.87254,41.94452]]]},"properties":{"etrs":"E293N225"}},{"type":"Feature","geometry":{"type":"Polygon","coordinates":[[[-6.53607,41.17335],[-6.41941,41.19295],[-6.44316,41.28096],[-6.55997,41.26133],[-6.53607,41.17335]]]},"properties":{"etrs":"E294N216"}},{"type":"Feature","geometry":{"type":"Polygon","coordinates":[[[-6.55997,41.26133],[-6.44316,41.28096],[-6.467,41.36895],[-6.58396,41.34929],[-6.55997,41.26133]]]},"properties":{"etrs":"E294N217"}},{"type":"Feature","geometry":{"type":"Polygon","coordinates":[[[-6.58396,41.34929],[-6.467,41.36895],[-6.49092,41.45693],[-6.60805,41.43724],[-6.58396,41.34929]]]},"properties":{"etrs":"E294N218"}},{"type":"Feature","geometry":{"type":"Polygon","coordinates":[[[-6.60805,41.43724],[-6.49092,41.45693],[-6.51495,41.54489],[-6.63223,41.52516],[-6.60805,41.43724]]]},"properties":{"etrs":"E294N219"}},{"type":"Feature","geometry":{"type":"Polygon","coordinates":[[[-6.63223,41.52516],[-6.51495,41.54489],[-6.53906,41.63283],[-6.6565,41.61307],[-6.63223,41.52516]]]},"properties":{"etrs":"E294N220"}},{"type":"Feature","geometry":{"type":"Polygon","coordinates":[[[-6.6565,41.61307],[-6.53906,41.63283],[-6.56327,41.72076],[-6.68086,41.70097],[-6.6565,41.61307]]]},"properties":{"etrs":"E294N221"}},{"type":"Feature","geometry":{"type":"Polygon","coordinates":[[[-6.68086,41.70097],[-6.56327,41.72076],[-6.58758,41.80867],[-6.70533,41.78885],[-6.68086,41.70097]]]},"properties":{"etrs":"E294N222"}},{"type":"Feature","geometry":{"type":"Polygon","coordinates":[[[-6.70533,41.78885],[-6.58758,41.80867],[-6.61198,41.89657],[-6.72988,41.87671],[-6.70533,41.78885]]]},"properties":{"etrs":"E294N223"}},{"type":"Feature","geometry":{"type":"Polygon","coordinates":[[[-6.72988,41.87671],[-6.61198,41.89657],[-6.63647,41.98444],[-6.75454,41.96455],[-6.72988,41.87671]]]},"properties":{"etrs":"E294N224"}},{"type":"Feature","geometry":{"type":"Polygon","coordinates":[[[-6.44316,41.28096],[-6.32628,41.30045],[-6.34996,41.38848],[-6.467,41.36895],[-6.44316,41.28096]]]},"properties":{"etrs":"E295N217"}},{"type":"Feature","geometry":{"type":"Polygon","coordinates":[[[-6.467,41.36895],[-6.34996,41.38848],[-6.37374,41.47649],[-6.49092,41.45693],[-6.467,41.36895]]]},"properties":{"etrs":"E295N218"}},{"type":"Feature","geometry":{"type":"Polygon","coordinates":[[[-6.49092,41.45693],[-6.37374,41.47649],[-6.3976,41.56448],[-6.51495,41.54489],[-6.49092,41.45693]]]},"properties":{"etrs":"E295N219"}},{"type":"Feature","geometry":{"type":"Polygon","coordinates":[[[-6.51495,41.54489],[-6.3976,41.56448],[-6.42156,41.65246],[-6.53906,41.63283],[-6.51495,41.54489]]]},"properties":{"etrs":"E295N220"}},{"type":"Feature","geometry":{"type":"Polygon","coordinates":[[[-6.53906,41.63283],[-6.42156,41.65246],[-6.44561,41.74042],[-6.56327,41.72076],[-6.53906,41.63283]]]},"properties":{"etrs":"E295N221"}},{"type":"Feature","geometry":{"type":"Polygon","coordinates":[[[-6.56327,41.72076],[-6.44561,41.74042],[-6.46976,41.82836],[-6.58758,41.80867],[-6.56327,41.72076]]]},"properties":{"etrs":"E295N222"}},{"type":"Feature","geometry":{"type":"Polygon","coordinates":[[[-6.58758,41.80867],[-6.46976,41.82836],[-6.494,41.91629],[-6.61198,41.89657],[-6.58758,41.80867]]]},"properties":{"etrs":"E295N223"}},{"type":"Feature","geometry":{"type":"Polygon","coordinates":[[[-6.61198,41.89657],[-6.494,41.91629],[-6.51833,42.0042],[-6.63647,41.98444],[-6.61198,41.89657]]]},"properties":{"etrs":"E295N224"}},{"type":"Feature","geometry":{"type":"Polygon","coordinates":[[[-6.32628,41.30045],[-6.20934,41.31981],[-6.23287,41.40787],[-6.34996,41.38848],[-6.32628,41.30045]]]},"properties":{"etrs":"E296N217"}},{"type":"Feature","geometry":{"type":"Polygon","coordinates":[[[-6.34996,41.38848],[-6.23287,41.40787],[-6.25648,41.49591],[-6.37374,41.47649],[-6.34996,41.38848]]]},"properties":{"etrs":"E296N218"}},{"type":"Feature","geometry":{"type":"Polygon","coordinates":[[[-6.37374,41.47649],[-6.25648,41.49591],[-6.28019,41.58393],[-6.3976,41.56448],[-6.37374,41.47649]]]},"properties":{"etrs":"E296N219"}},{"type":"Feature","geometry":{"type":"Polygon","coordinates":[[[-6.3976,41.56448],[-6.28019,41.58393],[-6.30399,41.67194],[-6.42156,41.65246],[-6.3976,41.56448]]]},"properties":{"etrs":"E296N220"}},{"type":"Feature","geometry":{"type":"Polygon","coordinates":[[[-6.42156,41.65246],[-6.30399,41.67194],[-6.32789,41.75993],[-6.44561,41.74042],[-6.42156,41.65246]]]},"properties":{"etrs":"E296N221"}},{"type":"Feature","geometry":{"type":"Polygon","coordinates":[[[-6.42156,41.65246],[-6.30399,41.67194],[-6.32789,41.75993],[-6.44561,41.74042],[-6.42156,41.65246]]]},"properties":{"etrs":"E296N223"}},{"type":"Feature","geometry":{"type":"Polygon","coordinates":[[[-6.25648,41.49591],[-6.13917,41.51519],[-6.16272,41.60325],[-6.28019,41.58393],[-6.25648,41.49591]]]},"properties":{"etrs":"E297N219"}},{"type":"Feature","geometry":{"type":"Polygon","coordinates":[[[-6.28019,41.58393],[-6.16272,41.60325],[-6.18636,41.69129],[-6.30399,41.67194],[-6.28019,41.58393]]]},"properties":{"etrs":"E297N220"}},{"type":"Feature","geometry":{"type":"Polygon","coordinates":[[[-31.26394,39.32302],[-31.16059,39.37072],[-31.21608,39.44624],[-31.31949,39.39848],[-31.26394,39.32302]]]},"properties":{"etrs":"E94N276"}},{"type":"Feature","geometry":{"type":"Polygon","coordinates":[[[-31.31949,39.39848],[-31.21608,39.44624],[-31.27176,39.52171],[-31.37523,39.47388],[-31.31949,39.39848]]]},"properties":{"etrs":"E94N277"}},{"type":"Feature","geometry":{"type":"Polygon","coordinates":[[[-31.16059,39.37072],[-31.05712,39.41831],[-31.11255,39.4939],[-31.21608,39.44624],[-31.16059,39.37072]]]},"properties":{"etrs":"E95N276"}},{"type":"Feature","geometry":{"type":"Polygon","coordinates":[[[-31.21608,39.44624],[-31.11255,39.4939],[-31.16816,39.56943],[-31.27176,39.52171],[-31.21608,39.44624]]]},"properties":{"etrs":"E95N277"}},{"type":"Feature","geometry":{"type":"Polygon","coordinates":[[[-31.16816,39.56943],[-31.06444,39.61704],[-31.12017,39.69259],[-31.22395,39.64491],[-31.16816,39.56943]]]},"properties":{"etrs":"E96N278"}},{"type":"Feature","geometry":{"type":"Polygon","coordinates":[[[-31.22395,39.64491],[-31.12017,39.69259],[-31.17608,39.76807],[-31.27993,39.72033],[-31.22395,39.64491]]]},"properties":{"etrs":"E96N279"}},{"type":"Feature","geometry":{"type":"Polygon","coordinates":[[[-31.06444,39.61704],[-30.9606,39.66454],[-31.01626,39.74015],[-31.12017,39.69259],[-31.06444,39.61704]]]},"properties":{"etrs":"E97N278"}},{"type":"Feature","geometry":{"type":"Polygon","coordinates":[[[-31.12017,39.69259],[-31.01626,39.74015],[-31.07211,39.81571],[-31.17608,39.76807],[-31.12017,39.69259]]]},"properties":{"etrs":"E97N279"}}]}